type,title,release_year,rating,duration,month,date,year
Movie,Men in Black II,2002,PG-13,88,October,1,2019
Movie,The Student,2017,TV-14,90,March,15,2019
Movie,Bob's Broken Sleigh,2015,TV-G,47,December,17,2015
Movie,Nang Nak,1999,TV-14,101,January,5,2019
Movie,Ghayal,1990,TV-14,163,December,31,2019
Movie,Milk,2008,R,128,February,16,2017
Movie,Trevor Noah: Afraid of the Dark,2017,TV-14,67,February,21,2017
Movie,The Carter Effect,2017,TV-14,60,May,1,2018
Movie,Hasta los dientes,2018,TV-MA,109,August,13,2019
Movie,Kill Command,2016,TV-MA,100,February,23,2017
Movie,Pee-wee's Playhouse: Christmas Special,1988,TV-PG,48,December,18,2014
Movie,The Duel,2016,R,110,June,2,2019
Movie,Blood Will Tell,2019,TV-MA,113,June,21,2019
Movie,Democrats,2014,NR,99,April,25,2016
Movie,Chal Dhar Pakad,2010,TV-14,129,March,15,2018
Movie,Dry Martina,2018,TV-MA,100,May,11,2019
Movie,The Trader (Sovdagari),2018,TV-PG,24,February,9,2018
Movie,Alien Warfare,2019,TV-MA,88,April,5,2019
Movie,Gemini,2018,TV-PG,130,July,1,2018
Movie,Tayo the Little Bus Movie: Mission Ace,2016,TV-Y7,48,July,1,2019
Movie,The Parole Officer,2001,R,94,August,1,2018
Movie,Two Graves,2018,TV-MA,80,May,1,2019
Movie,An American Tail: Fievel Goes West,1991,G,75,April,1,2018
Movie,Patton Oswalt: Annihilation,2017,TV-MA,66,October,17,2017
Movie,Çok Filim Hareketler Bunlar,2010,TV-MA,99,March,10,2017
Movie,Once In A Lifetime Sessions with Noel Gallagher,2018,TV-MA,66,August,1,2018
Movie,Thumper,2017,TV-MA,93,February,5,2018
Movie,Shanghai,2012,TV-14,109,March,1,2018
Movie,Dark Chocolate (Bengali Version),2016,TV-MA,91,December,15,2017
Movie,Heroine,2012,TV-MA,143,November,1,2018
Movie,Conor McGregor: Notorious,2017,R,90,March,21,2018
Movie,Sam Kinison: The Scream Continues,2016,TV-MA,29,December,31,2018
Movie,"¡Ay, mi madre!",2019,TV-MA,81,July,19,2019
Movie,Bittoo Boss,2012,TV-14,117,May,1,2017
Movie,The Most Assassinated Woman in the World,2018,TV-MA,102,September,7,2018
Movie,Rattlesnake,2019,TV-MA,86,October,25,2019
Movie,The Perfect Day,2018,TV-14,93,September,1,2018
Movie,Spookley the Square Pumpkin,2004,G,47,September,1,2019
Movie,BNK48: Girls Don't Cry,2018,TV-PG,108,March,1,2019
Movie,Kid Kulafu,2015,TV-14,108,March,4,2019
Movie,You Get Me,2017,TV-MA,89,June,23,2017
Movie,Steve Martin and Martin Short: An Evening You Will Forget for the Rest of Your Life,2018,TV-14,74,May,25,2018
Movie,The Bad Education Movie,2015,TV-MA,87,December,15,2018
Movie,Mitt,2014,TV-PG,93,January,24,2014
Movie,Calico Critters: A Town of Dreams,2017,TV-Y,11,November,1,2018
Movie,Mustang Island,2017,TV-14,86,January,2,2018
Movie,Joe Rogan: Strange Times,2018,TV-MA,64,October,2,2018
Movie,Anchor and Hope,2017,TV-MA,113,February,15,2019
Movie,Shanghai Fortress,2019,TV-14,107,September,13,2019
Movie,Influx,2016,TV-PG,90,April,1,2018
Movie,Ugly Aur Pagli,2008,TV-14,115,February,15,2019
Movie,Agatha and the Truth of Murder,2018,TV-14,92,January,31,2019
Movie,Grandmaster,2012,TV-14,133,November,1,2018
Movie,Le K Benzema,2017,TV-14,121,May,1,2018
Movie,Dark Crimes,2016,R,93,October,15,2019
Movie,The Amazing Praybeyt Benjamin,2014,TV-14,105,March,21,2019
Movie,Tom Segura: Mostly Stories,2016,TV-MA,74,January,8,2016
Movie,Water & Power: A California Heist,2017,PG,78,February,1,2018
Movie,Rafinha Bastos: Ultimatum,2018,TV-MA,63,September,21,2018
Movie,The Master,2012,R,137,January,14,2020
Movie,Surga Yang Tak Dirindukan 2,2017,TV-14,119,January,28,2019
Movie,Heroes Wanted,2016,TV-MA,97,February,1,2017
Movie,Gad Gone Wild,2017,TV-MA,57,January,23,2017
Movie,Chronicle of an Escape,2006,R,104,June,15,2018
Movie,Chupke Chupke,1975,TV-PG,127,December,31,2019
Movie,Jack Whitehall: At Large,2017,TV-MA,68,October,24,2017
Movie,Desire,2017,TV-MA,94,December,21,2017
Movie,Caida del Cielo,2016,NR,78,January,20,2017
Movie,My Own Man,2015,NR,82,March,6,2015
Movie,Hurricane Bianca,2016,TV-MA,85,January,1,2017
Movie,The Nutcracker and the Four Realms,2018,PG,99,May,28,2019
Movie,Opening Night,2016,TV-MA,84,August,1,2017
Movie,Jeff Foxworthy and Larry the Cable Guy: We’ve Been Thinking...,2016,TV-14,75,August,26,2016
Movie,The Squid and the Whale,2005,R,81,October,1,2019
Movie,2036 Origin Unknown,2018,TV-14,95,December,20,2018
Movie,Four Sisters and a Wedding,2013,TV-14,125,February,27,2019
Movie,Sustainable,2016,TV-G,92,March,1,2017
Movie,The Bachelors,2017,TV-14,100,February,21,2018
Movie,Now and Then,1995,PG-13,102,August,2,2019
Movie,Circle,2015,NR,86,October,16,2015
Movie,Time Trap,2018,TV-14,88,September,13,2019
Movie,Eeda,2018,TV-14,153,September,15,2018
Movie,Quincy,2018,TV-MA,124,September,21,2018
Movie,My Ex & Whys,2017,TV-14,121,February,27,2019
Movie,Don't Think Twice,2016,R,92,May,1,2017
Movie,Krish Trish and Baltiboy: Battle of Wits,2013,TV-Y7,62,September,8,2017
Movie,How to Change the World,2015,NR,110,January,1,2016
Movie,Aarakshan,2011,TV-14,164,December,31,2019
Movie,Hum Aapke Hain Koun,1994,NR,193,January,1,2018
Movie,Chappie,2015,R,121,January,1,2019
Movie,Jerry Seinfeld: Comedian,2002,R,81,November,7,2017
Movie,Badha,2006,TV-14,91,January,1,2018
Movie,Zoo,2018,TV-MA,94,July,1,2018
Movie,Love Jones,1997,R,109,November,1,2019
Movie,Paris Is Burning,1990,R,77,February,1,2017
Movie,Beat Bugs: All Together Now,2017,TV-Y,51,November,21,2017
Movie,Tremors 2: Aftershocks,1995,PG-13,100,January,1,2020
Movie,Pope Francis: A Man of His Word,2018,PG,96,January,3,2019
Movie,Badla,2019,TV-14,117,August,7,2019
Movie,Rounders,1998,R,121,November,1,2019
Movie,Teshan,2016,TV-PG,133,October,15,2017
Movie,Thaandavam,2012,TV-14,156,October,1,2018
Movie,Hunt to Kill,2010,R,97,January,1,2020
Movie,Dream/Killer,2015,TV-MA,109,November,20,2019
Movie,The Surrounding Game,2018,TV-14,98,August,30,2018
Movie,2015 Dream Concert,2015,TV-PG,107,April,28,2017
Movie,Luck by Chance,2009,TV-14,156,December,15,2019
Movie,Ten Years,2015,TV-MA,102,February,12,2019
Movie,Snow Day,2000,PG,89,January,1,2020
Movie,The Climb,2017,TV-14,105,December,29,2017
Movie,Swordfish,2001,R,99,July,1,2019
Movie,Hombanna,2017,TV-14,126,May,1,2018
Movie,Dangal,2016,TV-PG,161,June,21,2017
Movie,Görümce,2016,TV-14,104,April,4,2018
Movie,The Magic Pill,2017,TV-PG,90,April,24,2018
Movie,National Treasure,2004,PG,131,June,1,2018
Movie,An American Tail: The Mystery of the Night Monster,1999,G,75,April,1,2018
Movie,Mandi,1983,TV-MA,155,January,1,2020
Movie,Bill Nye: Science Guy,2017,TV-PG,97,April,25,2018
Movie,Saadey CM Saab,2015,TV-14,131,October,1,2018
Movie,Jack Whitehall: Christmas with My Father,2019,TV-MA,65,December,12,2019
Movie,Life Overtakes Me,2019,TV-PG,40,June,15,2019
Movie,Zach Galifianakis: Live at the Purple Onion,2006,TV-MA,61,February,26,2019
Movie,Where's the Money,2017,R,86,January,22,2018
Movie,Mugamoodi,2012,TV-14,150,October,1,2018
Movie,The Force,2017,TV-MA,92,January,29,2018
Movie,A Holiday Engagement,2011,TV-G,92,November,4,2019
Movie,Money Trap,2019,TV-MA,122,April,26,2019
Movie,The Plan,2015,TV-MA,124,March,1,2018
Movie,Kocan Kadar Konus,2015,TV-14,104,March,10,2017
Movie,Last Breath,2019,TV-14,86,May,6,2019
Movie,Pedal the World,2015,TV-MA,85,June,1,2018
Movie,The Package,2018,TV-MA,95,August,10,2018
Movie,Christmas Crush,2012,TV-PG,87,November,4,2019
Movie,Get Santa,2014,PG,103,December,12,2014
Movie,Mountain,2017,PG,74,October,1,2018
Movie,The Republic of Imbaba,2015,TV-MA,90,June,6,2019
Movie,Luka Chuppi,2019,TV-14,125,June,7,2019
Movie,Sei,2018,TV-14,126,March,25,2019
Movie,Enemy,2013,R,91,July,15,2018
Movie,Hypersomnia,2016,TV-MA,84,June,8,2017
Movie,El club de los buenos infieles,2018,TV-MA,85,July,19,2018
Movie,Frozen River,2008,R,97,July,1,2019
Movie,"My Schoolmate, the Barbarian",2001,TV-MA,90,August,16,2018
Movie,How the Beatles Changed the World,2017,TV-PG,110,February,1,2018
Movie,The Young Vagabond,1985,TV-14,85,August,16,2018
Movie,Love Beats Rhymes,2016,R,106,March,1,2018
Movie,White Christmas,1954,TV-G,120,July,15,2012
Movie,Schubert In Love,2016,TV-14,94,March,1,2018
Movie,The Tourist,2010,PG-13,103,January,7,2020
Movie,100 Days Of Solitude,2018,TV-14,93,July,6,2018
Movie,He Never Died,2015,R,97,March,18,2016
Movie,The Command,2018,PG-13,118,October,19,2019
Movie,Operation Mekong,2016,TV-MA,124,August,5,2017
Movie,Been So Long,2018,TV-MA,100,October,26,2018
Movie,Krishna Cottage,2004,TV-MA,124,May,31,2019
Movie,Filosofi Kopi The Movie,2015,TV-PG,118,October,11,2018
Movie,Trevor Noah: Son of Patricia,2018,TV-MA,64,November,20,2018
Movie,Colin Quinn: Red State Blue State,2019,TV-14,66,August,9,2019
Movie,NOVA: Extreme Animal Weapons,2017,TV-PG,53,July,1,2019
Movie,Brampton's Own,2018,TV-MA,90,April,19,2019
Movie,The Runner,2015,R,90,September,8,2017
Movie,The Eyes of My Mother,2016,R,76,April,6,2017
Movie,Gabriel lglesias: I’m Sorry For What I Said When I Was Hungry,2016,TV-14,88,December,20,2016
Movie,Gehenna: Where Death Lives,2016,TV-MA,107,December,10,2018
Movie,Friend Request,2016,R,92,April,18,2018
Movie,John Mulaney: Kid Gorgeous at Radio City,2018,TV-MA,65,May,1,2018
Movie,My Brother ... Nikhil,2005,TV-PG,116,October,30,2018
Movie,Kahaani,2012,TV-14,122,June,26,2019
Movie,Old Lord Savanna,2018,TV-PG,96,January,18,2019
Movie,Papa the Great,2000,TV-PG,137,December,8,2017
Movie,Yoo Byung Jae: Too Much Information,2018,TV-MA,63,March,16,2018
Movie,Mudbound,2017,R,135,November,17,2017
Movie,Iyore,2015,TV-14,141,December,20,2019
Movie,"Septiembre, un llanto en silencio",2017,TV-MA,69,March,10,2018
Movie,I'll See You in My Dreams,2015,PG-13,96,October,22,2019
Movie,Hard Lessons,1986,NR,94,October,1,2011
Movie,Automata,2014,R,110,September,8,2017
Movie,The Cell,2017,TV-MA,126,June,13,2019
Movie,Superbad,2007,R,113,September,1,2019
Movie,Abby Sen,2015,TV-PG,127,May,1,2017
Movie,Shark Night,2011,PG-13,91,November,2,2019
Movie,Thi Mai,2017,TV-14,99,May,4,2018
Movie,LEGO House - Home of the Brick,2018,TV-G,48,June,15,2018
Movie,La Coppia dei Campioni,2016,TV-MA,88,February,15,2017
Movie,Si saben cómo me pongo ¿pá qué me invitan?,2018,TV-MA,89,May,3,2018
Movie,Along Came a Spider,2001,R,103,October,1,2019
Movie,The Kissing Booth,2018,TV-14,105,May,11,2018
Movie,The Forest of Love,2019,TV-MA,151,October,11,2019
Movie,NOVA: Killer Floods,2017,TV-PG,54,July,1,2019
Movie,Filmworker,2017,TV-MA,94,November,1,2018
Movie,The Lodgers,2017,R,93,August,23,2018
Movie,Red Trees,2017,TV-PG,80,March,24,2018
Movie,Pachamama,2019,PG,71,June,7,2019
Movie,Survivors Guide to Prison,2017,TV-MA,103,May,24,2018
Movie,Bert Kreischer: Secret Time,2018,TV-MA,57,August,24,2018
Movie,Rumor Has It,2005,PG-13,97,August,1,2019
Movie,Magic Snowflake,2013,TV-Y,73,December,20,2015
Movie,Before the Flood,2016,PG,97,February,1,2018
Movie,Recovery Boys,2018,TV-MA,90,June,29,2018
Movie,Bathinda Express,2016,TV-14,118,October,1,2018
Movie,Game,2011,TV-MA,135,December,15,2019
Movie,Brotherhood of Blades II: The Infernal Battlefield,2017,TV-MA,120,November,28,2018
Movie,Feel Rich,2017,TV-MA,70,August,23,2017
Movie,Autohead,2016,TV-MA,97,January,1,2017
Movie,The Outcasts,2017,PG-13,94,August,14,2017
Movie,Locked on You,2018,TV-14,105,September,13,2019
Movie,Andaz Apna Apna,1994,TV-PG,160,May,16,2018
Movie,Across the Universe,2007,PG-13,133,January,1,2019
Movie,Austin Powers in Goldmember,2002,PG-13,94,December,1,2019
Movie,The Legend of Cocaine Island,2019,TV-MA,87,March,29,2019
Movie,The Debt Collector,2018,TV-MA,96,September,3,2018
Movie,Breaking Free,2015,TV-MA,81,December,15,2017
Movie,The Ballad of Buster Scruggs,2018,R,133,November,16,2018
Movie,The Crow,1994,R,102,January,1,2019
Movie,Cézanne et moi,2016,R,114,September,7,2017
Movie,Vaya,2016,TV-MA,106,November,1,2018
Movie,Wild Oats,2016,PG-13,86,May,13,2017
Movie,Colkatay Columbus,2016,TV-14,118,March,30,2017
Movie,Lucas Brothers: On Drugs,2017,TV-MA,50,April,18,2017
Movie,Albion: The Enchanted Stallion,2016,TV-PG,106,July,1,2017
Movie,Teen Aur Aadha,2018,TV-MA,119,April,29,2019
Movie,Yaar Gaddar,1994,TV-14,148,July,1,2017
Movie,Tremors 4: The Legend Begins,2004,PG-13,101,January,1,2020
Movie,Rumble in the Bronx,1995,R,89,November,1,2019
Movie,Dumplin',2018,PG-13,110,December,7,2018
Movie,A Boy Called Po,2016,PG,94,January,15,2018
Movie,Nathicharami,2018,TV-14,114,January,28,2019
Movie,Rachel Getting Married,2008,R,113,September,1,2019
Movie,Whindersson Nunes: Adult,2019,TV-MA,69,August,15,2019
Movie,Fracture,2007,R,113,April,1,2019
Movie,Okja,2017,TV-MA,121,June,28,2017
Movie,Travel Mates 2,2018,TV-14,111,September,20,2019
Movie,Killa,2014,TV-14,107,April,1,2017
Movie,Bride For Rent,2014,TV-G,110,February,27,2019
Movie,Arango y Sanint: Ríase el show,2018,TV-MA,62,January,17,2018
Movie,Encounter: The Killing,2002,TV-14,151,December,31,2019
Movie,Bad Day for the Cut,2017,TV-MA,99,January,18,2018
Movie,Sunday's Illness,2017,TV-14,113,June,15,2018
Movie,Under an Arctic Sky,2017,TV-14,40,December,15,2017
Movie,You Can’t Fight Christmas,2017,TV-PG,85,December,19,2017
Movie,De Film van Dylan Haegens,2018,TV-PG,81,April,17,2019
Movie,In Defense of a Married Man,1990,NR,94,October,1,2011
Movie,The NSU-Complex,2016,TV-14,90,December,28,2016
Movie,For Greater Glory,2012,R,145,August,2,2019
Movie,Street Flow,2019,TV-MA,96,October,13,2019
Movie,Michael Lost and Found,2017,TV-PG,19,June,1,2017
Movie,One Last Thing,2018,TV-MA,92,August,25,2019
Movie,Ricardo O'Farrill: Abrazo navideño,2016,TV-MA,31,December,12,2016
Movie,My Little Pony Friendship Is Magic: Best Gift Ever,2018,TV-Y,44,November,25,2018
Movie,Sabrina,2018,TV-MA,114,November,20,2018
Movie,The Death and Life of Marsha P. Johnson,2017,TV-MA,106,October,6,2017
Movie,A Witches' Ball,2017,PG,91,October,1,2018
Movie,Kya Kehna,2000,TV-PG,149,April,1,2018
Movie,Farce,2017,TV-MA,94,June,6,2019
Movie,Ready to Mingle,2019,TV-MA,98,October,2,2019
Movie,Gollu Aur Pappu,2014,TV-14,112,May,1,2017
Movie,Weather forecast,1983,TV-MA,91,October,1,2019
Movie,Chupan Chupai,2017,TV-14,118,January,15,2019
Movie,Dany Boon: Des Hauts De France,2018,TV-MA,113,May,4,2018
Movie,"To Each, Her Own",2018,TV-MA,95,June,24,2018
Movie,Maria,2019,TV-MA,90,May,17,2019
Movie,Shadow,2018,TV-MA,116,November,6,2019
Movie,How to Make an American Quilt,1995,PG-13,116,April,1,2018
Movie,My Ex-Ex,2015,TV-MA,91,August,15,2017
Movie,"I, Daniel Blake",2016,R,100,April,19,2019
Movie,I Dream Of Dance,2017,TV-PG,106,January,31,2019
Movie,Joseph: King of Dreams,2000,TV-PG,75,September,27,2011
Movie,Christmas in the Smokies,2015,TV-G,88,March,1,2019
Movie,Lynne Koplitz: Hormonal Beast,2017,TV-MA,51,August,22,2017
Movie,Tottaa Pataaka Item Maal,2018,TV-MA,107,June,25,2019
Movie,Fashion,2008,TV-MA,158,August,2,2018
Movie,Fishtronaut: The Movie,2018,TV-Y,78,April,25,2018
Movie,Yes or No 2.5,2015,TV-PG,107,November,8,2018
Movie,Wild Child,2008,PG-13,98,November,1,2019
Movie,Baby Dolls,2019,TV-14,127,December,1,2019
Movie,The Good Catholic,2017,PG-13,97,January,24,2018
Movie,The App,2019,TV-MA,79,December,26,2019
Movie,Temple,2017,TV-MA,78,December,2,2017
Movie,Initial D,2005,TV-14,109,August,1,2018
Movie,Travis Scott: Look Mom I Can Fly,2019,TV-MA,85,August,28,2019
Movie,Undercover: How to Operate Behind Enemy Lines,1943,TV-PG,61,March,31,2017
Movie,Rolling Thunder Revue: A Bob Dylan Story by Martin Scorsese,2019,TV-MA,142,June,12,2019
Movie,Vodka Diaries,2018,TV-14,113,December,31,2019
Movie,Jagat,2015,TV-14,76,April,2,2019
Movie,Alan Saldaña: Mi vida de pobre,2017,TV-MA,54,August,4,2017
Movie,Cop Watchers,2016,TV-MA,45,August,1,2017
Movie,Her,2013,R,126,July,29,2018
Movie,Tahaan,2008,TV-14,95,July,15,2018
Movie,Green Room,2015,R,95,November,12,2018
Movie,Monster-in-Law,2005,PG-13,101,January,1,2020
Movie,Moms at War,2018,TV-14,92,October,19,2019
Movie,B.A. Pass 2,2017,TV-14,126,June,1,2018
Movie,Bruno and Boots: Go Jump in the Pool,2016,TV-PG,91,June,24,2017
Movie,The Intent,2016,TV-MA,99,May,15,2017
Movie,Head On,1998,TV-MA,104,August,25,2018
Movie,Olympus Has Fallen,2013,R,119,May,2,2019
Movie,The White Helmets,2016,TV-14,41,September,16,2016
Movie,Goosebumps 2: Haunted Halloween,2018,PG,90,April,25,2019
Movie,G-Force,2009,PG,88,March,15,2019
Movie,What's Your Raashee?,2009,TV-PG,203,August,15,2018
Movie,Natsamrat - Asa Nat Hone Nahi,2016,TV-14,165,June,1,2018
Movie,Elaan,1971,TV-PG,143,April,1,2017
Movie,#Selfie 69,2016,TV-MA,119,June,1,2019
Movie,Raiders!: The Story of the Greatest Fan Film Ever Made,2015,NR,93,September,16,2016
Movie,The Dirt,2019,TV-MA,108,March,22,2019
Movie,Shakti: The Power,2002,TV-MA,168,March,1,2018
Movie,The Christmas Chronicles,2018,TV-PG,104,November,22,2018
Movie,Luccas Neto in: Summer Camp,2019,TV-G,87,November,5,2019
Movie,Painted Faces,1988,TV-PG,108,August,16,2018
Movie,Ip Man 2,2010,R,108,January,15,2016
Movie,P,2006,TV-MA,105,May,31,2019
Movie,Chalte Chalte,2003,TV-PG,166,July,1,2018
Movie,Romantik Komedi 2: Bekarlığa Veda,2013,TV-14,105,March,10,2017
Movie,Gatao 2: Rise of the King,2018,TV-MA,126,May,9,2019
Movie,The Meyerowitz Stories (New and Selected),2017,TV-MA,113,October,13,2017
Movie,The Ant's Scream,2010,TV-14,108,June,13,2019
Movie,Antoine Griezmann: The Making of a Legend,2019,TV-PG,60,March,21,2019
Movie,Benchwarmers 2: Breaking Balls,2019,PG-13,90,December,31,2019
Movie,Haider,2014,TV-MA,154,August,2,2018
Movie,"Escape from the ""Liberty"" Cinema",1990,TV-MA,88,October,1,2019
Movie,Elisa & Marcela,2019,TV-MA,119,June,7,2019
Movie,Roxanne Roxanne,2018,TV-MA,100,March,23,2018
Movie,Mere Pyare Prime Minister,2019,TV-MA,103,May,31,2019
Movie,Chloe,2009,R,96,January,1,2020
Movie,Face 2 Face,2017,TV-MA,89,January,15,2018
Movie,Francesco De Carlo: Cose di Questo Mondo,2019,TV-MA,61,April,12,2019
Movie,It Comes at Night,2017,R,92,December,9,2019
Movie,CIA: Comrade in America,2017,TV-14,130,May,1,2018
Movie,One Day,2016,TV-PG,135,September,5,2018
Movie,Waar,2013,TV-MA,130,July,1,2017
Movie,Dare to Be Wild,2015,TV-PG,100,April,1,2018
Movie,You're My Boss,2015,TV-PG,117,February,27,2019
Movie,Agyaat,2009,TV-MA,97,October,1,2018
Movie,My Only Mother,2013,TV-14,104,March,4,2019
Movie,Why Me?,2015,TV-MA,126,December,1,2019
Movie,The Dukes of Hazzard: The Beginning,2007,R,95,January,1,2020
Movie,Bobby,1973,TV-14,168,December,31,2019
Movie,The Exception,2016,R,107,July,26,2019
Movie,My Way,2016,TV-14,101,November,8,2016
Movie,Trash,2014,R,114,January,1,2019
Movie,Cop and a Half: New Recruit,2017,PG,96,August,17,2017
Movie,Long Time Running,2017,TV-14,96,November,12,2017
Movie,The CEO,2016,TV-14,109,September,1,2019
Movie,Only God Forgives,2013,R,90,May,15,2018
Movie,Newtown,2016,NR,84,April,7,2017
Movie,That Thing Called Tadhana,2015,TV-MA,91,March,7,2019
Movie,Nature: Raising the Dinosaur Giant,2016,TV-G,53,March,1,2017
Movie,Hantu Kak Limah,2018,TV-14,110,January,31,2019
Movie,Hasan Minhaj: Homecoming King,2017,TV-MA,73,May,23,2017
Movie,يوم الدين,2018,TV-14,97,October,22,2019
Movie,Todo Sobre El Asado,2016,TV-14,86,September,1,2017
Movie,Olmo & the Seagull,2014,TV-MA,82,September,1,2019
Movie,Motu Patlu: King of Kings,2016,TV-Y7-FV,109,July,6,2017
Movie,Krystal,2017,R,93,January,1,2019
Movie,Winter's Bone,2010,R,100,March,1,2019
Movie,Dieter Nuhr: Nuhr in Berlin,2016,TV-MA,69,November,15,2016
Movie,Much Loved,2015,TV-MA,104,September,27,2017
Movie,Anarkali of Aarah,2017,TV-MA,111,August,1,2017
Movie,The Tribe,2018,TV-MA,91,November,21,2018
Movie,Baahubali 2: The Conclusion (Hindi Version),2017,TV-MA,165,August,7,2017
Movie,5 Cowok Jagoan,2017,TV-MA,106,January,5,2019
Movie,Pottersville,2017,PG-13,86,December,15,2017
Movie,Mi Shivajiraje Bhosale Boltoy,2009,TV-14,148,January,1,2018
Movie,Taxi Driver,1976,R,114,July,1,2019
Movie,Madre,2016,TV-MA,95,August,26,2017
Movie,Walk. Ride. Rodeo.,2019,TV-PG,100,March,8,2019
Movie,Amateur,2018,TV-MA,96,April,6,2018
Movie,Some Freaks,2017,TV-MA,97,December,18,2017
Movie,Miracle,2004,PG,136,June,1,2018
Movie,Suicide (Hitabdut),2014,NR,114,July,1,2016
Movie,Soul Robbers,2015,TV-MA,88,July,1,2018
Movie,Balto 2: Wolf Quest,2001,G,75,April,1,2018
Movie,The Informant!,2009,R,108,August,1,2018
Movie,Joker,2012,TV-PG,98,August,2,2018
Movie,Burning Sands,2017,TV-MA,102,March,10,2017
Movie,Troy: The Odyssey,2017,TV-MA,90,March,12,2018
Movie,ATM,2012,TV-14,122,September,5,2018
Movie,Crazy people,2018,TV-14,107,November,29,2019
Movie,The Blackcoat's Daughter,2015,R,95,May,18,2019
Movie,When Angels Sleep,2018,TV-MA,96,December,28,2018
Movie,Our Souls at Night,2017,TV-14,103,September,29,2017
Movie,Simplemente Manu NNa,2017,TV-MA,72,May,5,2017
Movie,Tim Minchin And The Heritage Orchestra Live,2011,TV-MA,146,December,31,2018
Movie,Loving is Losing,2019,TV-MA,91,April,26,2019
Movie,About Time,2013,R,123,April,16,2019
Movie,Garuda Di Dadaku,2009,TV-PG,96,October,9,2018
Movie,Sunrise,2014,TV-MA,85,March,15,2017
Movie,K-19: The Widowmaker,2002,PG-13,138,November,21,2019
Movie,On My Skin,2018,TV-MA,100,September,12,2018
Movie,Marriage Palace,2018,TV-14,135,August,23,2019
Movie,Kuntilanak,2018,TV-14,106,October,12,2018
Movie,Derren Brown: The Push,2018,TV-MA,69,February,27,2018
Movie,"Gabriel ""Fluffy"" Iglesias: One Show Fits All",2019,TV-14,91,January,29,2019
Movie,Amrapali,1966,TV-PG,116,July,1,2017
Movie,The American Meme,2018,TV-MA,98,December,7,2018
Movie,Kara Bela,2015,TV-14,101,March,10,2017
Movie,Monster High: Great Scarrier Reef,2016,TV-Y7,72,October,1,2017
Movie,Munafik 2,2018,TV-MA,104,May,1,2019
Movie,Tell Me Who I Am,2019,TV-MA,86,October,18,2019
Movie,Good and Prosperous,2017,TV-14,101,December,10,2019
Movie,A Mission in an Old Movie,2012,TV-MA,98,April,25,2019
Movie,Nila,2016,NR,94,March,1,2017
Movie,Five Nights in Maine,2015,TV-14,83,April,1,2017
Movie,Rise: Ini Kalilah,2018,TV-PG,101,February,27,2019
Movie,Bad Match,2017,TV-MA,83,March,11,2018
Movie,Jezebel,2019,TV-MA,86,January,16,2020
Movie,Marvel's Iron Man & Hulk: Heroes United,2013,PG,72,February,16,2014
Movie,Numbered,2012,TV-PG,55,December,31,2017
Movie,Unaccompanied Minors,2006,PG,90,October,1,2019
Movie,Harith Iskander: I Told You So,2018,TV-PG,62,January,19,2018
Movie,The First Temptation of Christ,2019,TV-MA,46,December,3,2019
Movie,Seoul Searching,2015,TV-MA,109,December,15,2017
Movie,Death House,2017,R,88,May,5,2019
Movie,Maza Pati Karodpati,1988,TV-PG,132,January,1,2018
Movie,Trophy,2017,TV-MA,110,February,13,2018
Movie,Now More Than Ever: The History of Chicago,2016,TV-MA,114,January,1,2018
Movie,Right Here Right Now,2018,TV-MA,91,June,16,2019
Movie,Occupation,2018,R,120,January,3,2019
Movie,Puriyatha Puthir,2017,TV-MA,120,January,1,2019
Movie,Michael Che Matters,2016,TV-MA,61,November,25,2016
Movie,Pup Star: World Tour,2018,G,87,May,5,2018
Movie,Natalia Valdebenito: Gritona,2017,TV-MA,76,November,10,2017
Movie,Patiala House,2011,TV-PG,140,October,22,2017
Movie,Bobby Sands: 66 Days,2016,TV-14,106,September,28,2017
Movie,Stop at Nothing: The Lance Armstrong Story,2014,NR,100,February,15,2015
Movie,Colin Quinn: Unconstitutional,2015,TV-MA,56,August,15,2017
Movie,Covered: Alive in Asia,2016,TV-G,75,March,31,2016
Movie,Brooklyn's Finest,2009,R,133,October,1,2018
Movie,Michael,2011,TV-MA,86,May,10,2017
Movie,Rangoon,2017,TV-14,153,May,29,2017
Movie,Bombshell,2016,TV-MA,86,October,1,2016
Movie,Executive Decision,1996,R,133,November,1,2019
Movie,Sarajevo,2014,NR,98,January,15,2017
Movie,The Rehearsal,2016,TV-MA,102,January,1,2018
Movie,Aisa Yeh Jahaan,2015,TV-14,127,October,15,2017
Movie,Maya Memsaab,1993,NR,122,June,1,2017
Movie,Bachelor Girls,2016,TV-14,61,March,1,2018
Movie,Saverio Raimondo: Il Satiro Parlante,2019,TV-MA,53,May,17,2019
Movie,Prague,2013,TV-MA,106,December,1,2017
Movie,Garfield's Pet Force,2009,G,78,January,1,2020
Movie,It's Now or Never,2015,NR,91,March,1,2016
Movie,Dügün Dernek 2: Sünnet,2015,TV-MA,107,March,10,2017
Movie,Grand Masti,2013,TV-MA,93,March,1,2018
Movie,Martin Lawrence Live: Runteldat,2002,R,104,December,1,2019
Movie,The 3rd Eye,2018,TV-MA,108,September,28,2018
Movie,Christina P: Mother Inferior,2017,TV-MA,59,October,10,2017
Movie,The Hatred,2017,R,94,December,11,2017
Movie,The Most Unknown,2018,TV-PG,92,August,9,2018
Movie,Harlem Globetrotters: The Team That Changed the World,2005,TV-14,55,November,1,2019
Movie,Thong Dee Fun Khao,2017,TV-MA,122,January,15,2018
Movie,Beneath the Leaves,2019,TV-MA,90,June,8,2019
Movie,Good Luck,2012,TV-MA,99,June,21,2019
Movie,Mo Amer: The Vagabond,2018,TV-MA,57,October,9,2018
Movie,Fiza,2000,TV-14,163,August,2,2018
Movie,Lizzie Borden Took an Ax,2014,TV-14,87,July,25,2016
Movie,Iverson,2014,NR,88,April,1,2016
Movie,Aata Pita,2010,TV-14,133,January,1,2018
Movie,Take Your Pills,2018,TV-14,88,March,16,2018
Movie,Zack and Miri Make a Porno,2008,R,101,October,1,2018
Movie,Zed Plus,2014,TV-MA,131,December,31,2019
Movie,Little Monsters,1989,PG,102,July,1,2019
Movie,#Selfie,2014,TV-MA,125,June,1,2019
Movie,Kill Bill: Vol. 2,2004,R,137,January,1,2020
Movie,The Man Without Gravity,2019,TV-14,107,November,1,2019
Movie,Sam Kinison: Family Entertainment Hour,1991,TV-MA,49,December,31,2018
Movie,Monty Python Conquers America,2008,TV-MA,55,October,2,2018
Movie,Enter the Anime,2019,TV-MA,59,August,5,2019
Movie,Gaga: Five Foot Two,2017,TV-MA,101,September,22,2017
Movie,LEGENDS OF THE HIDDEN TEMPLE,2016,TV-PG,68,November,2,2019
Movie,Jailbreak,2017,TV-MA,92,May,2,2018
Movie,FYRE: The Greatest Party That Never Happened,2019,TV-MA,98,January,18,2019
Movie,"Twisted Trunk, Big Fat Body",2015,TV-14,89,January,15,2017
Movie,Girls und Panzer der Film,2015,TV-14,121,November,22,2019
Movie,Holidays,2016,NR,106,July,15,2016
Movie,Posesif,2017,TV-14,102,January,1,2020
Movie,The Last Days of Chez Nous,1992,R,93,November,1,2016
Movie,Cities of Last Things,2018,TV-MA,106,July,12,2019
Movie,(T)ERROR,2015,NR,84,June,30,2016
Movie,The Brawler,2019,TV-MA,95,May,18,2019
Movie,Fadily Camara : La plus drôle de tes copines,2019,TV-MA,54,November,14,2019
Movie,Amelia: A Tale of Two Sisters,2017,TV-PG,44,June,1,2017
Movie,Blinky Bill: The Movie,2015,PG,91,February,8,2017
Movie,John Leguizamo's Latin History for Morons,2018,TV-MA,90,November,5,2018
Movie,Lion's Heart,2013,TV-MA,111,May,9,2019
Movie,Nobody Speak: Trials of the Free Press,2017,TV-14,96,June,23,2017
Movie,Judwaa,1997,TV-14,133,December,31,2019
Movie,"Girl, Boy, Bakla, Tomboy",2013,TV-14,103,February,27,2019
Movie,Evvarikee Cheppoddu,2019,TV-14,134,November,27,2019
Movie,Khoobsurat,2014,TV-14,121,October,1,2018
Movie,Meditation Park,2017,TV-PG,94,March,9,2018
Movie,The World's Most Wanted Animal,2018,TV-PG,53,April,1,2019
Movie,Frozen Planet: On Thin Ice,2011,TV-PG,47,January,28,2016
Movie,Mindhorn,2017,TV-MA,88,May,12,2017
Movie,Abzurdah,2015,TV-MA,90,August,25,2016
Movie,Event Horizon,1997,R,96,January,1,2020
Movie,Sam Kinison: Breaking the Rules,1987,TV-MA,50,December,31,2018
Movie,The Son,2019,TV-MA,93,July,26,2019
Movie,A Tale of Two Kitchens,2019,TV-G,30,May,22,2019
Movie,American Factory: A Conversation with the Obamas,2019,TV-G,10,September,5,2019
Movie,The Christmas Project,2016,TV-PG,92,March,1,2019
Movie,Mau Nieto: Viviendo sobrio… desde el bar,2018,TV-MA,57,January,26,2018
Movie,Asu Mare 2,2015,NR,100,December,1,2016
Movie,The Good Neighbor,2016,TV-MA,97,December,5,2016
Movie,Wanda Sykes: Not Normal,2019,TV-MA,66,May,21,2019
Movie,Dear Zindagi,2016,TV-PG,149,April,25,2017
Movie,Marriage Story,2019,R,137,December,6,2019
Movie,Rip Tide,2017,TV-Y7,87,January,15,2018
Movie,Undefeated,2011,PG-13,113,August,18,2017
Movie,Awake,2019,TV-MA,92,November,24,2019
Movie,Don't Be Afraid of the Dark,2010,R,99,November,2,2019
Movie,Uyare,2019,TV-14,119,August,14,2019
Movie,Sarivar Sari,2005,TV-14,126,February,15,2018
Movie,To Be of Service,2019,TV-MA,88,November,11,2019
Movie,The Karate Kid,2010,PG,140,October,17,2019
Movie,Skyline,2010,PG-13,94,January,16,2019
Movie,Drishyam,2015,TV-14,162,May,1,2017
Movie,Big Bear,2017,TV-MA,87,February,28,2018
Movie,El Camino: A Breaking Bad Movie,2019,TV-MA,123,October,11,2019
Movie,Joe Mande’s Award-Winning Comedy Special,2017,TV-MA,67,July,25,2017
Movie,In Darkness,2018,TV-MA,101,September,22,2018
Movie,Mary Kom,2014,TV-14,120,May,1,2017
Movie,Kita Kita,2017,TV-PG,84,December,15,2018
Movie,The Outsider,2019,TV-MA,86,September,15,2019
Movie,Carriers,2009,PG-13,85,November,20,2019
Movie,Tikli and Laxmi Bomb,2017,TV-MA,151,August,1,2018
Movie,Power Rangers Samurai: Party Monsters (Halloween Special),2011,TV-Y7-FV,24,January,1,2016
Movie,Shortcut Safari,2016,TV-PG,101,April,15,2019
Movie,Chris D'Elia: Man on Fire,2017,TV-MA,66,June,27,2017
Movie,Spanish Affair 2,2015,NR,107,November,1,2016
Movie,Lock,2016,TV-14,90,October,1,2018
Movie,Kath & Kimderella,2012,TV-14,86,July,28,2018
Movie,Cahaya Dari Timur Beta Maluku,2014,TV-14,151,October,5,2018
Movie,Esperando La Carroza,1985,NR,95,July,15,2018
Movie,Louis C.K. 2017,2017,,74,April,4,2017
Movie,Kanavu Variyam,2017,TV-PG,104,June,15,2017
Movie,Cut Bank,2014,R,93,December,1,2019
Movie,Hide & Seek,2010,TV-14,96,March,1,2018
Movie,Banana Island Ghost,2017,TV-14,108,December,6,2019
Movie,The Forgotten,2014,TV-MA,89,September,11,2017
Movie,Yoko and His Friends,2015,TV-Y,78,June,23,2018
Movie,Agustín Aristarán: Soy Rada,2018,TV-MA,60,February,16,2018
Movie,Princess Cyd,2017,TV-MA,97,February,5,2018
Movie,Talaash,2012,TV-MA,140,December,15,2019
Movie,Lucky: No Time for Love,2005,TV-14,131,November,15,2017
Movie,Malevolent,2018,TV-MA,89,October,5,2018
Movie,American Experience: Ruby Ridge,2017,TV-MA,53,April,19,2017
Movie,Himmatwala,2013,TV-14,140,November,1,2018
Movie,Rocky III,1982,PG,100,August,1,2019
Movie,Kill Me If You Dare,2019,TV-14,100,September,6,2019
Movie,Knowing,2009,PG-13,121,October,1,2019
Movie,The Rugrats Movie,1998,G,81,October,1,2019
Movie,Eyyvah Eyyvah,2010,TV-MA,99,March,10,2017
Movie,In The Deep,2017,PG-13,89,January,10,2018
Movie,Don't Go Breaking My Heart,2011,TV-PG,115,December,1,2018
Movie,Power Rangers Super Samurai: Stuck on Christmas,2012,TV-Y7-FV,24,January,1,2016
Movie,Ninja Assassin,2009,R,99,February,1,2019
Movie,Snowpiercer,2013,R,126,May,1,2019
Movie,"River, el más grande siempre",2019,TV-G,105,July,5,2019
Movie,Audrie & Daisy,2016,TV-14,99,September,23,2016
Movie,Retribution,2015,NR,100,March,1,2016
Movie,In the Shadow of Iris,2016,TV-MA,99,May,1,2017
Movie,Heroin(e),2017,TV-14,40,September,12,2017
Movie,Mexicanos de Bronce,2016,TV-MA,100,December,31,2018
Movie,Whitney Cummings: Money Shot,2010,TV-MA,48,January,1,2019
Movie,The Spy Who Fell to Earth,2019,TV-14,94,April,5,2019
Movie,Hot Property,2016,TV-MA,82,August,13,2017
Movie,Indiana Jones and the Last Crusade,1989,PG-13,127,January,1,2019
Movie,Phir Bhi Dil Hai Hindustani,2000,TV-PG,159,April,1,2018
Movie,Little Boxes,2016,TV-14,89,June,1,2017
Movie,Perfect Bid: The Contestant Who Knew Too Much,2017,TV-MA,72,April,30,2019
Movie,A Cinderella Story: Christmas Wish,2019,PG,86,December,1,2019
Movie,Strange Weather,2016,R,91,October,26,2017
Movie,Marco Polo: One Hundred Eyes,2015,TV-MA,29,December,26,2015
Movie,Amar's Hands,2011,TV-14,125,April,26,2019
Movie,The Guardian Brothers,2016,TV-Y7-FV,86,September,1,2017
Movie,Pants on Fire,2014,TV-G,87,March,1,2019
Movie,Eddie Murphy: Delirious,1983,NR,69,April,15,2018
Movie,Enlighten Us,2016,TV-14,93,January,18,2017
Movie,The Autopsy of Jane Doe,2016,R,86,December,30,2018
Movie,Urvi,2017,TV-MA,121,January,15,2018
Movie,The Other One: The Long Strange Trip of Bob Weir,2015,TV-14,84,May,22,2015
Movie,Roh's Beauty,2014,TV-MA,98,April,19,2019
Movie,Ali Wong: Hard Knock Wife,2018,TV-MA,64,May,13,2018
Movie,Wyatt Cenac: Brooklyn,2014,TV-MA,68,October,21,2014
Movie,Beauties of the Night,2016,TV-MA,92,November,25,2016
Movie,Dream Big: Engineering Our World,2017,TV-G,42,July,1,2018
Movie,Christmas With A View,2018,TV-PG,91,November,1,2018
Movie,"Dana Carvey: Straight White Male, 60",2016,TV-MA,64,November,4,2016
Movie,My Babysitter's a Vampire: The Movie,2010,TV-PG,80,October,17,2018
Movie,Terra,2015,TV-PG,98,May,1,2016
Movie,Naruto Shippuden: The Movie: The Lost Tower,2010,TV-14,85,September,1,2017
Movie,Lens,2015,TV-MA,109,June,1,2017
Movie,First Kiss,2018,TV-PG,90,October,1,2019
Movie,He's Out There,2018,R,89,January,12,2019
Movie,Sacro GRA,2013,TV-MA,91,March,21,2017
Movie,Dumb and Dumberer: When Harry Met Lloyd,2003,PG-13,85,October,1,2019
Movie,Naruto Shippûden the Movie: The Will of Fire,2009,TV-14,96,September,1,2017
Movie,Inception,2010,PG-13,148,January,1,2020
Movie,Lionheart,2018,TV-PG,95,January,4,2019
Movie,Tremors 5:  Bloodline,2015,PG-13,99,January,1,2020
Movie,Gour Hari Dastaan: The Freedom File,2015,TV-14,109,October,15,2017
Movie,Barbie & Her Sisters in a Pony Tale,2013,TV-Y,74,October,1,2017
Movie,Chasing Amy,1997,R,113,January,1,2020
Movie,Queen of the Desert,2015,PG-13,128,April,6,2019
Movie,GEN HOSHINO STADIUM TOUR “POP VIRUS”,2019,TV-PG,154,October,10,2019
Movie,An American Tail,1986,G,80,April,1,2018
Movie,Vikings Unearthed,2016,TV-PG,113,March,1,2017
Movie,Yuva,2004,TV-MA,160,March,1,2018
Movie,The Gentleman Driver,2018,TV-MA,83,January,31,2019
Movie,Center Stage,2000,PG-13,116,January,1,2020
Movie,The Salvation,2014,R,92,March,2,2017
Movie,The Red Sea Diving Resort,2019,TV-MA,130,July,31,2019
Movie,She's Gotta Have It,1986,R,84,September,1,2017
Movie,Hulk Vs.,2009,PG-13,83,March,1,2019
Movie,The End of the Tour,2015,R,106,July,26,2018
Movie,Weapon of Choice,2018,TV-MA,89,March,2,2019
Movie,Lucha: Playing the Impossible,2016,TV-PG,98,July,15,2018
Movie,White Fang,2018,TV-PG,88,July,6,2018
Movie,A Fortunate Man,2018,TV-14,168,April,20,2019
Movie,Immoral Tales,1974,UR,103,June,6,2019
Movie,Clouds of Sils Maria,2014,R,124,February,12,2017
Movie,I Hate Luv Storys,2010,TV-14,128,August,2,2018
Movie,Ujala,1959,TV-PG,143,October,15,2017
Movie,The Princess Switch,2018,TV-PG,102,November,16,2018
Movie,The Angel,2018,TV-MA,114,September,14,2018
Movie,The Stranger,1946,TV-PG,94,July,19,2018
Movie,Stretch Armstrong: The Breakout,2018,TV-Y7-FV,104,March,13,2018
Movie,All In My Family,2019,TV-14,40,May,3,2019
Movie,The Island,2018,TV-14,93,November,29,2019
Movie,Bright,2017,TV-MA,118,December,22,2017
Movie,Balu Mahi,2017,TV-14,149,March,1,2018
Movie,Colonia,2015,R,110,July,14,2018
Movie,Best Worst Thing That Ever Could Have Happened,2016,TV-14,97,March,18,2017
Movie,Bangkok Traffic (Love) Story,2009,TV-14,126,September,5,2018
Movie,The Chord,2010,TV-MA,101,June,20,2019
Movie,Staged Killer,2019,TV-14,88,June,28,2019
Movie,Love Ni Bhavai,2017,TV-PG,163,May,1,2018
Movie,For Grace,2015,TV-PG,92,March,2,2016
Movie,Oththa Seruppu Size 7,2019,TV-MA,103,November,4,2019
Movie,Budhia Singh: Born to Run,2016,TV-14,95,May,1,2017
Movie,Tere Naal Love Ho Gaya,2012,TV-PG,127,August,2,2018
Movie,Death Note,2017,TV-MA,100,August,25,2017
Movie,​Maj Rati ​​Keteki,2017,TV-14,117,September,15,2018
Movie,Kalki,2017,TV-14,41,March,1,2018
Movie,Hustle & Flow,2005,R,117,December,1,2019
Movie,The Heyday of the Insensitive Bastards,2017,TV-MA,96,February,26,2018
Movie,Daniel Sosa: Sosafado,2017,TV-MA,78,February,3,2017
Movie,Zipi & Zape y la Isla del Capitan,2016,TV-PG,105,July,1,2017
Movie,Sudani from Nigeria,2018,TV-PG,115,August,1,2018
Movie,Kevin Hart's Guide to Black History,2019,TV-PG,63,February,8,2019
Movie,Aruna & Her Palate,2018,TV-PG,106,January,1,2020
Movie,Girls With Balls,2019,TV-MA,77,July,26,2019
Movie,Peter Rabbit,2018,PG,95,August,18,2018
Movie,Secrets of Westminster,2014,TV-PG,55,April,22,2017
Movie,Tinker Bell and the Legend of the NeverBeast,2014,G,78,May,17,2015
Movie,In This Corner of the World,2016,PG-13,129,March,15,2018
Movie,King of Peking,2018,TV-PG,88,July,2,2018
Movie,Welcome to Willits,2017,TV-MA,84,February,6,2018
Movie,Pareeth Pandaari,2017,TV-PG,109,July,1,2018
Movie,Barbie Star Light Adventure,2016,TV-Y,79,October,1,2017
Movie,True: Happy Hearts Day,2019,TV-Y,24,February,1,2019
Movie,Keith Richards: Under the Influence,2015,TV-PG,82,September,18,2015
Movie,FirstBorn,2016,TV-MA,90,March,31,2017
Movie,Adhugo,2018,TV-14,105,January,15,2019
Movie,"Michael Bolton's Big, Sexy Valentine's Day Special",2017,TV-MA,54,February,7,2017
Movie,Patria,2019,TV-MA,90,January,18,2019
Movie,Caregiver,2008,TV-14,131,March,5,2019
Movie,Goon: Last of the Enforcers,2016,R,102,December,30,2017
Movie,Satte Pe Satta,1982,TV-14,153,December,31,2019
Movie,The Body Remembers When the World Broke Open,2019,TV-MA,106,November,27,2019
Movie,The Black Godfather,2019,TV-MA,118,June,7,2019
Movie,Blue Is the Warmest Color,2013,NC-17,180,August,26,2016
Movie,Exit Wounds,2001,R,101,October,1,2019
Movie,LEGO Marvel Super Heroes: Guardians of the Galaxy,2017,TV-Y7-FV,22,February,1,2019
Movie,Vizontele,2001,NR,106,March,10,2017
Movie,Pyar Ke Do Pal,1986,TV-PG,153,January,15,2018
Movie,Dhanak,2015,TV-PG,114,August,20,2016
Movie,NOVA: Death Dive to Saturn,2017,TV-G,54,July,1,2019
Movie,Private Life,2018,R,124,October,5,2018
Movie,NOVA: Secrets of the Shining Knight,2017,TV-PG,53,July,1,2019
Movie,Kiss & Cry,2017,TV-14,93,May,1,2017
Movie,BASEketball,1998,R,103,November,1,2018
Movie,Hairspray,2007,PG,116,January,1,2020
Movie,Elephants Dream 4 Hour,2006,TV-MA,196,August,23,2018
Movie,6 Days,2017,R,94,February,8,2018
Movie,Ringan,2015,TV-14,103,May,1,2018
Movie,Dream Boat,2017,TV-MA,92,December,1,2017
Movie,Euphoria,2018,R,110,November,1,2019
Movie,This Is Not What I Expected,2017,TV-PG,107,October,14,2017
Movie,My Next Guest with David Letterman and Shah Rukh Khan,2019,TV-PG,61,October,25,2019
Movie,Carlos Ballarta: Furia Ñera,2018,TV-MA,63,May,11,2018
Movie,Set Off,2008,TV-MA,96,December,1,2018
Movie,Company,2002,TV-MA,137,March,1,2018
Movie,Zenda,2009,TV-14,120,February,15,2018
Movie,What Happened to Monday,2017,TV-MA,124,August,18,2017
Movie,Driven to Dance,2018,TV-PG,99,January,16,2019
Movie,Outlawed,2018,TV-MA,102,February,15,2019
Movie,Veerey Ki Wedding,2018,TV-14,130,December,31,2019
Movie,Treasures from the Wreck of the Unbelievable,2017,TV-G,82,January,1,2018
Movie,"Bon Cop, Bad Cop",2006,R,117,March,15,2017
Movie,7:19,2016,TV-MA,93,December,23,2016
Movie,District 9,2009,R,112,November,4,2019
Movie,Bolt,2008,PG,99,July,22,2018
Movie,Maynard,2017,TV-PG,100,September,2,2018
Movie,Sara's Notebook,2018,TV-MA,117,May,26,2018
Movie,Billy Elliot,2000,R,110,February,1,2019
Movie,"Aram, Aram",2015,TV-14,79,February,15,2017
Movie,Khushi,2003,TV-14,157,March,1,2018
Movie,The Amityville Horror,2005,R,89,January,1,2020
Movie,Dukhtar,2014,TV-14,93,September,1,2016
Movie,Manje Bistre,2017,TV-PG,136,October,1,2018
Movie,Naga The Eternal Yogi,2016,TV-PG,73,February,5,2017
Movie,The Right One,2011,TV-14,93,June,13,2019
Movie,Cloverfield,2008,PG-13,85,January,1,2020
Movie,The Trigger Effect,1996,R,94,January,1,2018
Movie,Njan Prakashan,2018,TV-PG,125,April,26,2019
Movie,The Hundred-Foot Journey,2014,PG,123,January,31,2019
Movie,Russell Howard: Recalibrate,2017,TV-MA,69,December,19,2017
Movie,The Croods,2013,PG,99,July,29,2019
Movie,Bewafaa,2005,TV-PG,149,July,21,2019
Movie,Discovering Bigfoot,2017,TV-MA,111,December,15,2017
Movie,Chillar Party,2011,TV-PG,127,August,2,2018
Movie,Sardaar ji,2015,TV-14,140,December,1,2017
Movie,When Two Worlds Collide,2016,TV-14,103,November,30,2016
Movie,Triple Threat,2019,NR,96,June,22,2019
Movie,Romeo Ranjha,2014,TV-14,122,November,1,2017
Movie,War on Everyone,2016,R,98,December,3,2019
Movie,Golmaal: Fun Unlimited,2006,TV-14,148,December,31,2019
Movie,B.A. Pass,2013,NR,99,June,7,2018
Movie,Miss Stevens,2016,NR,86,December,19,2016
Movie,Arctic Heart,2016,TV-14,81,April,14,2017
Movie,Dabbe 6: The Return,2015,TV-MA,153,April,17,2019
Movie,Sliver,1993,R,107,January,1,2020
Movie,John Carter,2012,PG-13,133,May,2,2019
Movie,The Bye Bye Man,2017,PG-13,96,April,1,2019
Movie,The Trust,2015,R,91,April,1,2019
Movie,Son of a Gun,2014,R,109,July,19,2018
Movie,The Free Man,2016,TV-PG,84,October,1,2017
Movie,From Paris with Love,2010,R,93,December,8,2019
Movie,Holy Goalie,2017,TV-14,95,April,27,2018
Movie,Offline - Das leben ist kein bonuslevel,2016,TV-MA,89,September,1,2017
Movie,The Original Kings of Comedy,2000,R,111,January,1,2020
Movie,Pulang,2018,TV-14,119,October,8,2018
Movie,Kickboxer: Retaliation,2017,TV-MA,110,April,26,2018
Movie,The Confirmation,2016,PG-13,101,February,6,2019
Movie,Click,2006,PG-13,108,January,1,2020
Movie,Manglehorn,2014,PG-13,97,April,16,2017
Movie,A 3 Minute Hug,2019,TV-PG,28,October,28,2019
Movie,El Viaje: Márama y Rombai,2016,TV-PG,79,October,18,2017
Movie,Paradise Beach,2019,TV-MA,94,November,8,2019
Movie,Pablo Escobar: Angel or Demon?,2007,NR,82,March,23,2018
Movie,Virunga,2014,TV-MA,100,November,7,2014
Movie,"Good Night, and Good Luck",2005,PG,93,June,2,2019
Movie,Angamaly Diaries,2017,TV-14,128,July,1,2018
Movie,Fireworks,2017,TV-PG,91,December,25,2019
Movie,Sanju,2018,TV-MA,159,October,15,2018
Movie,Game Over (Hindi Version),2019,TV-MA,98,August,21,2019
Movie,ANIMA,2019,TV-PG,15,June,27,2019
Movie,Elena,2012,TV-14,81,September,1,2019
Movie,Beak & Brain: Genius Birds From Down Under,2013,TV-G,52,March,1,2017
Movie,The Tribes of Palos Verdes,2017,R,104,December,1,2019
Movie,Rim of the World,2019,TV-14,99,May,24,2019
Movie,Di Renjie zhi Sidatianwang,2018,TV-MA,132,February,6,2019
Movie,Coraline,2009,PG,101,March,16,2017
Movie,Sarvam Thaala Mayam (Tamil Version),2018,TV-14,131,March,1,2019
Movie,Candyflip,2017,TV-MA,104,February,15,2019
Movie,Barbra: The Music ... The Mem'ries ... The Magic!,2017,TV-14,109,November,22,2017
Movie,Bob Lazar: Area 51 & Flying Saucers,2018,TV-MA,97,June,18,2019
Movie,Entanglement,2018,TV-MA,85,December,9,2018
Movie,Gothika,2003,R,98,November,1,2019
Movie,Nasha,2013,TV-MA,115,October,1,2018
Movie,Enter the Dragon,1973,R,103,November,1,2019
Movie,Hisss,2010,TV-MA,97,December,1,2017
Movie,Pitaah,2002,TV-MA,127,March,1,2018
Movie,Pekak,2016,TV-MA,95,August,25,2017
Movie,Madaari,2016,TV-14,134,February,17,2017
Movie,Harishchandrachi Factory,2009,TV-PG,99,October,1,2018
Movie,Katti Batti,2015,TV-14,132,November,1,2018
Movie,Bibi & Tina: Girls Versus Boys,2016,TV-14,107,April,15,2017
Movie,Seal Team Six: The Raid on Osama Bin Laden,2012,TV-MA,90,January,1,2020
Movie,The Highwaymen,2019,R,132,March,29,2019
Movie,American Warfighter,2019,TV-MA,106,September,13,2019
Movie,Kill Hitler! The Luck of the Devil,2015,TV-14,53,May,1,2019
Movie,XXX: State of the Union,2005,PG-13,101,January,1,2019
Movie,Apollo 18,2011,PG-13,87,March,9,2019
Movie,Just Another Love Story,2007,NR,104,May,5,2009
Movie,Joan Didion: The Center Will Not Hold,2017,TV-14,98,October,27,2017
Movie,Lupt,2018,TV-14,110,April,5,2019
Movie,Blue Jasmine,2013,PG-13,98,March,8,2019
Movie,The Drowning,2016,TV-MA,99,September,1,2017
Movie,187,1997,R,119,November,1,2019
Movie,A Family Reunion Christmas,2019,TV-PG,29,December,9,2019
Movie,Manson Family Vacation,2015,NR,85,October,27,2015
Movie,Jacob's Ladder,2019,R,90,December,22,2019
Movie,Mundeyan Ton Bachke Rahin,2014,TV-14,139,November,1,2018
Movie,Sommore: Chandelier Status,2013,NR,77,July,4,2018
Movie,Soekarno,2013,TV-MA,142,January,5,2019
Movie,The Perfection,2019,TV-MA,91,May,24,2019
Movie,Ant-Man and the Wasp,2018,PG-13,118,January,29,2019
Movie,Thunderbolt,1947,TV-14,42,March,31,2017
Movie,Mission Control: The Unsung Heroes of Apollo,2017,TV-14,100,August,13,2017
Movie,Flock of Four,2018,TV-MA,83,August,1,2018
Movie,When We First Met,2018,TV-14,97,February,9,2018
Movie,The One I Love,2014,R,91,May,30,2019
Movie,The Dreamer,2009,TV-PG,121,October,4,2018
Movie,The Saint,1997,PG-13,116,September,1,2019
Movie,Mark Gatiss: A Study in Sherlock,2016,TV-14,29,May,1,2016
Movie,The Tree of Blood,2018,TV-MA,136,February,8,2019
Movie,I'm in Love with a Church Girl,2013,PG,119,October,1,2017
Movie,The Last Runway,2018,TV-MA,107,March,1,2019
Movie,I Don't Know How She Does It,2011,PG-13,89,March,23,2019
Movie,Le serment des Hitler,2014,TV-PG,54,May,1,2019
Movie,Deon Cole: Cole Hearted,2019,TV-MA,70,October,8,2019
Movie,Verses of Love 2,2017,TV-14,127,October,18,2019
Movie,The Skin of the Wolf,2018,TV-14,110,July,6,2018
Movie,Mi amigo Alexis,2019,TV-PG,102,August,30,2019
Movie,Léa & I,2019,TV-MA,84,August,2,2019
Movie,"Lorena, Light-Footed Woman",2019,TV-G,28,November,20,2019
Movie,Om Shanti Om,2007,TV-14,169,April,1,2018
Movie,Beyond Skyline,2017,R,107,April,15,2018
Movie,Atlantics,2019,TV-14,106,November,29,2019
Movie,Jag älskar dig: En skilsmässokomedi,2016,TV-MA,91,March,15,2018
Movie,One Night Stand,2016,TV-MA,93,October,15,2017
Movie,Fun Mom Dinner,2017,R,82,December,31,2017
Movie,A Remarkable Tale,2019,TV-MA,94,November,1,2019
Movie,White Island,2016,TV-MA,91,September,25,2017
Movie,Satan & Adam,2018,TV-14,78,June,1,2019
Movie,John & Jane,2005,TV-14,79,August,15,2016
Movie,Trainspotting,1996,R,94,October,1,2019
Movie,Teach Us All,2017,TV-14,81,September,25,2017
Movie,Despite Everything,2019,TV-MA,79,May,3,2019
Movie,West Coast,2016,TV-MA,81,October,28,2016
Movie,Catching Feelings,2018,TV-MA,117,May,18,2018
Movie,Medium,1985,TV-MA,90,October,1,2019
Movie,Albert Pinto Ko Gussa Kyun Aata Hai?,2019,TV-MA,85,December,31,2019
Movie,The Old Thieves: The Legend of Artegios,2007,TV-14,97,November,1,2019
Movie,Little Sister,2016,NR,91,January,14,2017
Movie,Beiimaan Love,2016,TV-MA,115,November,1,2017
Movie,Taare Zameen Par,2007,PG,162,December,8,2017
Movie,MI-5,2015,R,105,August,1,2019
Movie,The Gospel of Luke,2015,TV-14,205,October,19,2018
Movie,Union Leader,2017,TV-14,105,December,31,2019
Movie,Expo,2019,TV-14,81,August,29,2019
Movie,The 3rd Eye 2,2019,TV-MA,117,June,13,2019
Movie,Grillo vs Grillo,2017,TV-MA,96,February,10,2017
Movie,Good People,2014,R,90,September,8,2017
Movie,Franco Escamilla: Bienvenido al mundo,2019,TV-MA,54,April,17,2019
Movie,Cardboard Gangsters,2016,TV-MA,92,September,15,2018
Movie,Bombairiya,2018,TV-14,108,March,15,2019
Movie,Mom,2017,TV-MA,139,August,21,2018
Movie,Hungerford,2014,TV-MA,79,June,23,2018
Movie,Ek Hasina Thi,2004,TV-MA,134,August,1,2019
Movie,Backfire,2019,TV-MA,97,April,5,2019
Movie,Aakhri Adaalat,1988,TV-14,148,September,1,2017
Movie,Rampant,2018,TV-MA,122,May,26,2019
Movie,The Space Between Us,2016,PG-13,120,June,1,2019
Movie,Inconceivable,2017,R,106,March,1,2018
Movie,Young Tiger,1973,NR,81,November,1,2016
Movie,Justin Timberlake + the Tennessee Kids,2016,TV-PG,90,October,12,2016
Movie,Harud,2010,TV-14,100,October,1,2016
Movie,Enissa Amani: Ehrenwort,2018,TV-MA,66,April,26,2018
Movie,Warehoused,2015,TV-14,92,November,1,2017
Movie,Tango Feroz,1993,TV-MA,124,July,15,2018
Movie,25 Kille,2016,TV-PG,140,October,1,2018
Movie,The Ring,2002,PG-13,116,January,1,2020
Movie,The House on Coco Road,2016,TV-14,79,June,30,2017
Movie,Chocolate City: Vegas Strip,2017,TV-MA,90,August,12,2017
Movie,Sommore: The Reign Continues,2015,TV-MA,93,November,1,2018
Movie,Arthur,2011,PG-13,110,April,1,2019
Movie,Super Monsters Save Christmas,2019,TV-Y,24,November,26,2019
Movie,Honey: Rise Up and Dance,2018,PG-13,100,April,3,2018
Movie,Merku Thodarchi Malai,2018,TV-MA,115,January,1,2019
Movie,The Black Room,2016,TV-MA,95,August,7,2017
Movie,Khoon Khoon,1973,TV-14,132,September,1,2017
Movie,Daemonium,2015,NR,115,December,20,2016
Movie,Genius,2018,TV-14,96,February,17,2019
Movie,Tu Hai Mera Sunday,2016,TV-14,125,March,1,2018
Movie,John Mulaney & The Sack Lunch Bunch,2019,TV-PG,70,December,24,2019
Movie,Out of Thin Air,2017,TV-14,85,September,29,2017
Movie,Still LAUGH-IN: The Stars Celebrate,2019,TV-MA,61,May,14,2019
Movie,The Book of Eli,2010,R,118,July,1,2019
Movie,Hamza's Suitcase,2017,TV-14,79,May,2,2019
Movie,Nothing to Lose,2018,PG,133,July,20,2018
Movie,Advantageous,2015,NR,92,June,23,2015
Movie,Baahubali: The Beginning (English Version),2015,TV-14,138,October,24,2018
Movie,Power Rangers: Megaforce: Raising Spirits,2013,TV-Y7-FV,24,January,1,2016
Movie,The Awakening of Motti Wolkenbruch,2018,TV-MA,94,October,25,2019
Movie,Kills on Wheels,2016,TV-MA,103,March,15,2018
Movie,7 años,2016,TV-MA,77,October,27,2016
Movie,Bangkok Hell,2002,TV-MA,107,September,14,2018
Movie,The Lighthouse of the Orcas,2016,TV-MA,110,April,7,2017
Movie,Interrogation,2015,TV-MA,116,December,1,2016
Movie,Rocky,1976,PG,120,August,1,2019
Movie,Illang: The Wolf Brigade,2018,TV-MA,140,October,19,2018
Movie,The Competition,2018,TV-14,103,July,23,2019
Movie,My Wife and I,2017,TV-MA,100,December,13,2019
Movie,The Promise,2017,TV-MA,113,September,1,2018
Movie,Craig Ferguson: Tickle Fight,2017,TV-MA,67,December,5,2017
Movie,TAU,2018,R,98,June,29,2018
Movie,Max Rose,2013,TV-14,84,January,15,2017
Movie,In the Shadow of the Moon,2019,TV-MA,116,September,27,2019
Movie,Iron Cowboy: The Story of the 50.50.50,2018,TV-14,77,July,19,2019
Movie,ReMastered: Who Shot the Sheriff,2018,TV-14,57,October,12,2018
Movie,Terminator 3: Rise of the Machines,2003,R,109,January,1,2020
Movie,Legend of the Guardians: The Owls of Ga'Hoole,2010,PG,97,January,1,2020
Movie,42 Grams,2017,TV-MA,81,February,1,2018
Movie,Mona Lisa Smile,2003,PG-13,119,January,1,2019
Movie,Monster Family,2017,PG,93,April,4,2018
Movie,Love In A Puff,2010,TV-MA,103,August,1,2018
Movie,I'll Sleep When I'm Dead,2016,TV-MA,80,August,19,2016
Movie,A Sort of Homecoming,2015,TV-PG,89,August,1,2017
Movie,Fernando Sanjiao: Hombre,2018,TV-MA,63,May,25,2018
Movie,Super Dark Times,2017,TV-MA,104,January,1,2018
Movie,Regatta,2015,TV-MA,100,May,9,2019
Movie,Barbie in Princess Power,2015,TV-Y,74,October,1,2017
Movie,Bigger Fatter Liar,2017,PG,95,April,18,2017
Movie,Target,2018,TV-14,91,November,20,2018
Movie,The Heretics,2017,TV-MA,88,September,4,2019
Movie,Wives on Strike,2016,TV-MA,92,December,6,2019
Movie,Brick,2005,R,110,September,1,2018
Movie,Spy Kids 3: Game Over,2003,PG,83,April,1,2019
Movie,Memoir of a Murderer,2017,TV-MA,118,February,19,2018
Movie,The Reservoir Game,2017,TV-MA,100,January,12,2018
Movie,Buddies,2012,TV-MA,103,February,15,2019
Movie,The Human Factor: The Untold Story of the Bombay Film Orchestras,2013,TV-PG,53,April,1,2017
Movie,"Rafał Banaś, Michał Leja Laugh out Loud",2016,TV-MA,64,September,19,2016
Movie,#Roxy,2018,TV-14,105,April,10,2019
Movie,My Happy Family,2017,TV-14,119,December,1,2017
Movie,"Yours, Mine and Ours",2005,PG,88,November,20,2019
Movie,Khido Khundi,2018,TV-14,151,October,1,2018
Movie,Last Knights,2015,R,115,August,1,2019
Movie,The Pursuit,2019,TV-14,76,August,7,2019
Movie,Tarif de nuit,2015,TV-MA,81,March,1,2018
Movie,Revenge of the Green Dragons,2014,R,95,July,21,2018
Movie,Judd Apatow: The Return,2017,TV-MA,70,December,12,2017
Movie,Meet the Trumps: From Immigrant to President,2017,TV-14,48,October,25,2017
Movie,My Perfect Romance,2018,PG,92,May,1,2018
Movie,A Tale of Love and Darkness,2015,PG-13,98,October,25,2019
Movie,Withdrawn,2017,TV-MA,74,May,1,2018
Movie,Shark Busters,2002,TV-14,92,August,16,2018
Movie,Chaar Sahibzaade,2014,TV-PG,126,November,1,2018
Movie,Thithi,2015,TV-MA,123,March,9,2017
Movie,Two Catalonias,2018,TV-MA,117,September,28,2018
Movie,Oasis: Supersonic,2016,R,122,December,28,2018
Movie,Tinker',2018,TV-14,97,March,19,2019
Movie,American Factory,2019,TV-14,110,August,21,2019
Movie,Spring Breakers,2012,R,94,July,15,2018
Movie,Aadu 2,2017,TV-14,150,May,15,2018
Movie,Rebirth,2016,TV-MA,101,July,15,2016
Movie,The Seven Deadly Sins the Movie: Prisoners of the Sky,2018,TV-14,100,December,31,2018
Movie,Saeed Mirza: The Leftist Sufi,2016,TV-MA,61,May,1,2017
Movie,Care of Kancharapalem,2018,TV-14,142,September,6,2019
Movie,Luciano Mellera: Infantiloide,2018,TV-14,66,July,6,2018
Movie,The First Wives Club,1996,PG,103,November,20,2019
Movie,Humko Deewana Kar Gaye,2006,TV-PG,149,October,22,2017
Movie,Twice,2010,TV-14,53,December,31,2017
Movie,Radiopetti,2015,TV-PG,83,January,1,2017
Movie,Delhi 6,2009,TV-14,128,October,1,2018
Movie,Adam Devine: Best Time of Our Lives,2019,TV-MA,59,June,18,2019
Movie,Party Monster: Scratching the Surface,2018,TV-14,33,August,17,2018
Movie,Maktub,2018,TV-MA,106,June,15,2018
Movie,The Thief and the Imbecile,2013,TV-14,96,June,6,2019
Movie,Another Forever,2016,TV-PG,72,March,21,2017
Movie,Don Quixote: The Ingenious Gentleman of La Mancha,2015,TV-14,83,January,5,2018
Movie,Famous in Ahmedabad,2015,TV-14,29,December,15,2016
Movie,Singapore,1960,TV-PG,158,October,15,2017
Movie,Free Willy,1993,PG,112,January,1,2020
Movie,Mercenary,2016,TV-MA,99,December,4,2016
Movie,Rukh,2017,TV-MA,103,April,1,2018
Movie,The Doll 2,2017,TV-MA,117,January,15,2019
Movie,Kisaan,2009,TV-14,101,October,1,2018
Movie,Tim Allen: ReWires America,1991,TV-MA,30,December,31,2018
Movie,Paint It Black,2016,R,96,February,1,2018
Movie,Exit Strategy,2012,NR,79,March,3,2019
Movie,Fire in Paradise,2019,TV-MA,40,November,1,2019
Movie,The Tiger Hunter,2016,TV-14,94,April,9,2018
Movie,Class Rank,2018,TV-14,103,September,18,2018
Movie,Acapulco La vida va,2016,TV-MA,89,June,3,2017
Movie,Sister Code,2015,R,95,February,14,2016
Movie,Tarzan 2,2005,G,72,June,23,2017
Movie,Who's That Knocking at My Door?,1967,R,90,July,1,2019
Movie,Resident Evil: Afterlife,2010,R,97,January,1,2020
Movie,Blackfish,2013,PG-13,83,December,12,2016
Movie,The Matrix,1999,R,136,November,1,2019
Movie,Kids on the Block,2019,TV-PG,102,October,4,2019
Movie,Shattered Memories,2018,TV-14,86,April,25,2019
Movie,De Palma,2015,R,110,November,21,2018
Movie,Yeh Hai Bakrapur,2014,TV-14,95,November,1,2018
Movie,Siren,2016,TV-MA,83,January,1,2020
Movie,Mumbai Delhi Mumbai,2014,TV-14,107,May,1,2017
Movie,Where the Money Is,2000,PG-13,89,January,15,2020
Movie,Surga Yang Tak Dirindukan,2015,TV-14,121,January,28,2019
Movie,Trimurti,1995,TV-PG,173,March,1,2018
Movie,At All Costs,2016,TV-MA,81,December,14,2016
Movie,"Live Twice, Love Once",2020,TV-MA,102,January,7,2020
Movie,BLAME!,2017,TV-14,106,May,19,2017
Movie,My Suicide,2009,NR,111,October,1,2018
Movie,The First Line,2014,TV-14,87,September,20,2016
Movie,Evening Shadows,2018,TV-14,102,February,27,2019
Movie,Rugrats in Paris: The Movie,2000,G,79,October,1,2019
Movie,Thor: Ragnarok,2017,PG-13,131,June,5,2018
Movie,The Pink Panther,2006,PG,93,July,1,2019
Movie,The Third Party,2016,TV-MA,118,March,21,2019
Movie,Secrets of Underground London,2014,TV-PG,55,April,22,2017
Movie,Clarence Clemons: Who Do I Think I Am?,2019,TV-MA,88,November,14,2019
Movie,INDIA,2014,NR,95,February,17,2017
Movie,Trailer Park Boys: The Movie,2006,R,95,March,30,2018
Movie,Santo Cachón,2018,TV-14,87,October,26,2018
Movie,Fandry,2014,NR,102,January,1,2018
Movie,Suffragette,2015,PG-13,107,November,16,2019
Movie,Creep 2,2017,TV-MA,80,December,23,2017
Movie,New Money,2018,TV-14,107,October,18,2019
Movie,First Match,2018,TV-MA,103,March,30,2018
Movie,The Love Guru,2008,PG-13,87,November,20,2019
Movie,Dagh Ujala,2015,TV-MA,103,April,1,2018
