이름,위치,선거구
0,서울,중랑구
0,서울,중랑구
2,,중랑구
0,,중랑구
2,서울,중랑구
2,서울,중랑구
0,서울,
0,서울,중랑구
2,서울,중랑구
0,서울,성북구
0,서울,성북구
0,서울,성북구
0,서울,
1,서울,성북구
0,서울,성북구
0,서울,
0,,성북구
0,,성북구
0,서울,성북구
1,서울,
0,서울,성북구
0,서울,
0,서울,성북구
1,서울,성북구
0,서울,성북구
1,서울,성북구
0,서울,성북구
0,서울,성북구
0,서울,성북구
0,서울,
1,서울,성북구
0,서울,성북구
0,,성북구
0,서울,성북구
0,서울,성북구
0,서울,성북구
0,서울,성북구
2,서울,성북구
0,서울,성북구
2,서울,성북구
1,서울,성북구
0,서울,성북구
2,서울,성북구
0,서울,성북구
0,서울,성북구
0,서울,성북구
0,서울,성북구
0,서울,
1,서울,강북구
0,서울,강북구
0,서울,강북구
1,서울,강북구
1,서울,강북구
0,서울,강북구
0,서울,강북구
0,서울,강북구
0,서울,
1,서울,강북구
0,서울,강북구
0,서울,강북구
0,서울,강북구
1,서울,강북구
0,서울,강북구
1,서울,강북구
1,서울,강북구
1,서울,강북구
1,서울,강북구
0,서울,강북구
0,서울,강북구
0,서울,
0,서울,강북구
0,서울,강북구
0,서울,강북구
0,서울,강북구
0,서울,강북구
1,서울,도봉구
1,서울,도봉구
0,서울,도봉구
1,서울,도봉구
0,서울,도봉구
2,서울,도봉구
0,서울,도봉구
0,서울,도봉구
0,서울,도봉구
0,서울,도봉구
0,서울,도봉구
0,서울,도봉구
0,서울,도봉구
0,서울,도봉구
0,서울,도봉구
1,서울,
1,서울,도봉구
0,서울,도봉구
1,서울,도봉구
1,서울,도봉구
0,서울,도봉구
0,서울,도봉구
0,서울,도봉구
0,서울,도봉구
0,서울,도봉구
1,서울,도봉구
0,서울,도봉구
2,서울,도봉구
0,서울,도봉구
0,,노원구
0,서울,노원구
0,서울,노원구
0,서울,노원구
0,서울,노원구
0,서울,노원구
0,서울,노원구
0,서울,노원구
2,서울,노원구
1,서울,
0,서울,노원구
0,서울,노원구
0,서울,노원구
1,서울,노원구
0,서울,노원구
0,서울,노원구
0,서울,노원구
1,서울,노원구
1,서울,노원구
0,서울,노원구
1,서울,노원구
1,서울,노원구
0,서울,노원구
1,서울,노원구
1,서울,노원구
0,서울,노원구
0,서울,노원구
0,서울,노원구
0,서울,노원구
0,서울,노원구
1,서울,노원구
0,서울,노원구
1,,노원구
2,서울,노원구
0,서울,
0,서울,노원구
0,서울,노원구
1,서울,노원구
0,서울,노원구
0,서울,
0,,은평구
0,서울,은평구
0,서울,은평구
2,서울,은평구
0,서울,은평구
0,서울,은평구
0,서울,은평구
0,서울,
0,서울,은평구
2,서울,은평구
0,,
0,서울,은평구
0,서울,은평구
1,서울,은평구
0,서울,은평구
0,서울,은평구
0,서울,은평구
0,서울,은평구
0,서울,은평구
0,서울,은평구
0,서울,은평구
2,서울,은평구
0,서울,은평구
0,서울,은평구
0,서울,은평구
0,서울,은평구
0,서울,은평구
0,서울,은평구
0,서울,은평구
1,서울,서대문구
0,서울,서대문구
0,서울,서대문구
1,서울,서대문구
1,서울,서대문구
0,서울,서대문구
0,서울,서대문구
1,서울,서대문구
0,서울,서대문구
0,서울,서대문구
0,서울,
0,서울,서대문구
0,서울,서대문구
0,서울,서대문구
0,서울,서대문구
0,서울,서대문구
0,서울,서대문구
1,서울,서대문구
0,서울,서대문구
0,서울,서대문구
0,서울,서대문구
0,서울,서대문구
1,서울,마포구
0,서울,마포구
1,,마포구
0,서울,마포구
0,서울,마포구
0,서울,마포구
0,서울,마포구
0,서울,마포구
1,서울,
0,서울,마포구
0,서울,마포구
0,서울,마포구
0,,마포구
2,서울,마포구
0,서울,마포구
0,서울,마포구
1,서울,마포구
0,서울,마포구
0,서울,마포구
0,서울,마포구
0,서울,마포구
0,서울,마포구
0,서울,마포구
0,서울,마포구
0,서울,마포구
0,서울,마포구
0,서울,마포구
0,서울,마포구
0,서울,마포구
0,서울,마포구
0,서울,마포구
1,서울,마포구
0,서울,양천구
0,서울,양천구
0,서울,양천구
0,서울,양천구
0,서울,양천구
0,서울,
0,서울,
0,서울,양천구
1,서울,양천구
1,서울,양천구
0,서울,양천구
0,서울,양천구
1,서울,양천구
0,서울,양천구
1,,양천구
0,서울,양천구
0,서울,양천구
0,서울,양천구
2,서울,양천구
0,서울,양천구
0,서울,양천구
1,서울,양천구
1,서울,양천구
0,서울,양천구
0,서울,
0,서울,양천구
0,서울,양천구
0,서울,
0,서울,강서구
0,서울,강서구
1,서울,강서구
0,서울,강서구
0,서울,강서구
0,서울,강서구
1,서울,강서구
0,서울,강서구
0,서울,강서구
0,서울,강서구
0,서울,강서구
0,서울,강서구
0,서울,강서구
0,서울,강서구
2,서울,강서구
0,서울,
0,서울,강서구
0,서울,강서구
0,서울,강서구
0,서울,강서구
0,서울,강서구
0,서울,강서구
0,서울,강서구
0,서울,강서구
0,서울,강서구
0,,
1,서울,강서구
1,,강서구
0,,강서구
0,서울,강서구
0,서울,강서구
1,서울,강서구
0,서울,
0,서울,강서구
0,서울,강서구
0,서울,강서구
0,서울,구로구
0,서울,구로구
0,서울,구로구
0,,구로구
0,서울,구로구
0,서울,구로구
0,,구로구
0,서울,구로구
2,서울,구로구
0,서울,구로구
0,,구로구
0,서울,구로구
0,서울,구로구
1,서울,구로구
0,서울,구로구
0,서울,구로구
0,서울,구로구
0,서울,구로구
1,서울,구로구
0,서울,구로구
0,서울,구로구
0,서울,구로구
0,서울,구로구
0,서울,구로구
0,서울,구로구
0,서울,구로구
0,서울,구로구
0,서울,구로구
1,서울,구로구
0,서울,금천구
0,서울,금천구
0,서울,금천구
0,서울,금천구
2,서울,
0,서울,금천구
0,서울,금천구
0,서울,금천구
0,서울,
0,서울,금천구
1,서울,금천구
0,서울,금천구
0,서울,금천구
0,서울,금천구
0,서울,
0,서울,금천구
0,서울,금천구
1,서울,금천구
0,서울,금천구
0,서울,금천구
0,서울,금천구
0,,금천구
0,서울,금천구
0,서울,금천구
0,서울,영등포구
0,서울,영등포구
0,서울,영등포구
1,서울,영등포구
0,서울,영등포구
0,서울,영등포구
0,서울,영등포구
0,서울,영등포구
2,서울,영등포구
0,서울,영등포구
1,서울,영등포구
0,서울,영등포구
0,서울,
0,서울,영등포구
0,서울,영등포구
0,서울,영등포구
0,서울,영등포구
0,서울,영등포구
0,서울,영등포구
0,서울,영등포구
0,,영등포구
0,서울,
0,서울,
0,서울,영등포구
0,서울,영등포구
0,서울,영등포구
0,서울,영등포구
0,서울,영등포구
0,서울,영등포구
0,서울,영등포구
0,서울,영등포구
0,서울,영등포구
0,서울,영등포구
0,서울,동작구
0,서울,동작구
0,서울,동작구
0,서울,동작구
0,서울,동작구
1,서울,동작구
0,서울,동작구
2,서울,동작구
0,서울,동작구
1,서울,동작구
0,서울,동작구
0,서울,동작구
0,서울,동작구
2,서울,동작구
0,서울,동작구
0,서울,동작구
0,서울,동작구
0,서울,동작구
0,,동작구
0,서울,동작구
1,서울,동작구
0,서울,동작구
1,서울,동작구
1,서울,동작구
0,서울,동작구
0,서울,동작구
0,서울,동작구
0,서울,동작구
0,서울,동작구
2,,
0,서울,동작구
0,서울,동작구
0,서울,동작구
0,서울,관악구
0,서울,관악구
0,서울,관악구
1,서울,관악구
0,서울,관악구
1,서울,관악구
0,서울,관악구
0,서울,관악구
0,서울,관악구
0,서울,관악구
0,,관악구
0,서울,관악구
0,서울,관악구
0,서울,관악구
1,서울,관악구
0,서울,관악구
2,서울,관악구
0,서울,관악구
0,서울,관악구
0,서울,관악구
1,서울,관악구
2,서울,관악구
0,서울,관악구
0,서울,관악구
0,서울,관악구
0,서울,관악구
0,서울,관악구
0,서울,관악구
0,서울,관악구
0,서울,관악구
0,서울,관악구
0,서울,관악구
1,서울,관악구
1,서울,관악구
0,서울,
1,서울,관악구
1,서울,관악구
0,서울,서초구
0,서울,서초구
0,서울,서초구
1,서울,서초구
0,서울,서초구
0,서울,서초구
0,서울,서초구
0,서울,서초구
0,서울,서초구
0,서울,서초구
0,서울,서초구
1,서울,서초구
0,서울,서초구
2,서울,서초구
0,서울,서초구
0,서울,서초구
0,서울,서초구
0,서울,
0,서울,서초구
0,서울,서초구
0,서울,서초구
0,서울,서초구
0,서울,서초구
0,서울,서초구
0,서울,서초구
0,서울,강남구
0,서울,강남구
0,서울,강남구
0,서울,강남구
1,서울,강남구
0,서울,강남구
0,서울,강남구
0,서울,강남구
0,서울,
0,서울,강남구
0,서울,강남구
1,서울,강남구
0,서울,강남구
0,서울,강남구
1,서울,강남구
0,서울,강남구
2,서울,강남구
1,서울,강남구
0,서울,강남구
0,서울,
2,서울,강남구
0,서울,강남구
0,서울,강남구
0,서울,
0,서울,강남구
0,서울,강남구
0,서울,강남구
0,서울,강남구
1,서울,강남구
0,서울,강남구
0,서울,강남구
0,서울,강남구
0,서울,강남구
0,서울,강남구
0,서울,강남구
0,서울,송파구
0,서울,송파구
0,,송파구
0,서울,송파구
1,서울,송파구
0,서울,송파구
0,서울,송파구
1,서울,송파구
1,서울,송파구
0,서울,송파구
1,서울,송파구
0,서울,
0,서울,송파구
0,서울,송파구
0,서울,송파구
0,서울,송파구
1,서울,송파구
0,서울,송파구
0,서울,송파구
0,서울,송파구
1,서울,송파구
0,서울,송파구
1,서울,송파구
0,서울,송파구
0,서울,송파구
0,서울,송파구
0,서울,송파구
0,서울,송파구
0,서울,송파구
0,서울,송파구
0,서울,송파구
1,서울,송파구
0,서울,송파구
0,서울,송파구
0,서울,송파구
0,서울,송파구
0,서울,송파구
0,서울,
0,서울,송파구
2,서울,강동구
0,서울,강동구
1,,강동구
1,서울,강동구
0,서울,강동구
0,서울,
0,서울,강동구
0,서울,강동구
0,서울,강동구
0,서울,강동구
0,서울,강동구
0,서울,강동구
0,서울,강동구
0,서울,강동구
0,서울,강동구
0,서울,강동구
0,서울,강동구
0,서울,강동구
0,서울,강동구
0,서울,강동구
0,서울,강동구
0,서울,강동구
0,서울,강동구
0,서울,강동구
1,서울,강동구
0,서울,강동구
0,서울,강동구
0,서울,강동구
0,서울,강동구
0,서울,
0,서울,강동구
0,서울,강동구
1,부산,중구
1,부산,중구
0,부산,중구
0,부산,중구
2,부산,중구
0,부산,중구
0,부산,중구
0,부산,중구
2,부산,중구
0,,중구
0,부산,중구
0,부산,중구
0,부산,중구
1,부산,중구
0,부산,서구
0,부산,서구
0,부산,서구
0,부산,서구
1,부산,서구
0,부산,서구
0,부산,서구
0,부산,서구
0,부산,
0,부산,서구
2,부산,서구
0,부산,서구
0,부산,서구
2,부산,서구
1,부산,서구
0,부산,서구
0,부산,서구
0,부산,서구
1,부산,동구
0,부산,동구
0,부산,동구
1,부산,동구
1,부산,동구
0,부산,동구
0,부산,동구
0,부산,동구
0,부산,동구
0,부산,동구
1,부산,동구
0,부산,동구
0,부산,동구
0,부산,동구
0,부산,동구
1,부산,동구
0,부산,동구
1,,동구
0,부산,영도구
1,부산,영도구
1,부산,영도구
0,부산,영도구
0,부산,
0,부산,영도구
0,부산,영도구
0,부산,
0,부산,영도구
1,부산,영도구
0,부산,영도구
0,부산,영도구
0,부산,영도구
0,부산,영도구
0,부산,영도구
0,부산,영도구
0,,영도구
2,부산,부산진구
0,부산,부산진구
2,부산,부산진구
0,부산,부산진구
0,부산,부산진구
0,부산,부산진구
1,부산,부산진구
0,부산,부산진구
0,부산,부산진구
1,부산,부산진구
0,부산,부산진구
0,부산,
0,부산,부산진구
0,부산,부산진구
1,부산,부산진구
0,부산,부산진구
0,부산,부산진구
2,부산,부산진구
0,부산,부산진구
0,부산,부산진구
0,부산,부산진구
0,부산,부산진구
0,부산,부산진구
0,부산,부산진구
0,부산,부산진구
0,부산,부산진구
0,부산,부산진구
0,부산,부산진구
0,부산,부산진구
0,부산,부산진구
2,부산,
0,부산,부산진구
0,부산,부산진구
0,부산,부산진구
0,부산,부산진구
0,부산,동래구
1,부산,동래구
0,부산,동래구
0,부산,동래구
0,부산,동래구
0,부산,동래구
0,부산,동래구
0,부산,동래구
0,부산,동래구
0,부산,동래구
0,부산,동래구
0,부산,동래구
0,부산,동래구
0,부산,동래구
0,부산,동래구
0,부산,동래구
0,부산,
0,부산,동래구
0,부산,
0,부산,동래구
0,부산,동래구
0,부산,동래구
0,부산,동래구
1,부산,동래구
0,부산,동래구
0,부산,남구
0,부산,남구
0,부산,남구
0,부산,남구
0,부산,남구
0,부산,남구
0,부산,남구
0,부산,남구
1,,남구
0,부산,남구
0,부산,남구
0,,남구
0,부산,남구
0,부산,남구
0,부산,남구
0,부산,남구
0,부산,남구
0,부산,남구
0,부산,남구
0,부산,남구
0,부산,남구
0,부산,남구
1,부산,남구
0,부산,남구
1,부산,남구
0,부산,남구
2,부산,북구
0,부산,북구
0,부산,북구
0,부산,북구
0,부산,북구
0,부산,북구
1,부산,북구
0,부산,
0,부산,북구
0,부산,북구
0,부산,북구
0,부산,북구
0,부산,북구
0,부산,북구
0,부산,북구
0,부산,북구
0,부산,북구
1,부산,북구
0,부산,북구
0,부산,북구
2,부산,북구
0,부산,북구
0,부산,북구
1,부산,북구
0,부산,북구
0,부산,북구
1,부산,북구
0,부산,북구
0,부산,해운대구
0,부산,해운대구
0,부산,해운대구
0,부산,해운대구
0,부산,해운대구
1,부산,해운대구
0,부산,해운대구
0,부산,해운대구
0,,해운대구
0,,해운대구
1,부산,해운대구
0,부산,해운대구
0,부산,해운대구
0,부산,해운대구
0,부산,해운대구
0,부산,해운대구
0,부산,해운대구
0,부산,해운대구
0,부산,해운대구
1,부산,해운대구
1,부산,해운대구
0,부산,해운대구
2,부산,
1,부산,해운대구
0,부산,해운대구
2,부산,해운대구
2,부산,해운대구
0,부산,해운대구
0,부산,해운대구
1,부산,해운대구
0,부산,해운대구
0,부산,
0,부산,해운대구
0,부산,해운대구
0,부산,해운대구
0,부산,기장군
0,부산,
0,부산,기장군
1,부산,기장군
1,부산,기장군
0,부산,기장군
0,부산,기장군
0,부산,기장군
0,부산,기장군
0,부산,기장군
1,부산,기장군
2,부산,기장군
1,,기장군
0,부산,
0,부산,기장군
0,,기장군
1,부산,기장군
0,부산,기장군
0,,사하구
0,부산,사하구
0,부산,사하구
0,부산,사하구
0,부산,사하구
0,부산,사하구
2,부산,사하구
0,부산,사하구
0,부산,사하구
0,부산,사하구
0,부산,사하구
1,부산,사하구
0,부산,사하구
0,부산,사하구
1,부산,사하구
2,부산,사하구
0,부산,사하구
2,부산,사하구
0,부산,사하구
0,부산,사하구
1,부산,사하구
2,부산,
0,,
0,부산,사하구
0,부산,사하구
0,부산,사하구
0,부산,사하구
0,부산,금정구
0,부산,금정구
0,부산,금정구
0,,금정구
0,부산,금정구
0,부산,금정구
0,부산,금정구
0,부산,금정구
1,부산,금정구
0,부산,금정구
0,부산,금정구
0,부산,금정구
0,부산,금정구
0,부산,금정구
0,부산,금정구
0,부산,금정구
0,부산,금정구
0,부산,금정구
0,부산,금정구
0,부산,
0,부산,금정구
0,,강서구
1,부산,강서구
0,부산,강서구
0,부산,강서구
0,부산,강서구
0,부산,강서구
0,부산,강서구
0,부산,강서구
0,부산,강서구
0,부산,강서구
0,부산,강서구
0,부산,강서구
0,부산,강서구
0,부산,연제구
0,부산,연제구
1,,연제구
2,부산,연제구
0,부산,연제구
0,부산,연제구
0,,연제구
0,부산,연제구
0,부산,연제구
1,부산,연제구
0,부산,
1,부산,연제구
0,부산,연제구
0,부산,연제구
2,부산,연제구
0,부산,연제구
0,부산,연제구
0,부산,연제구
2,부산,연제구
0,부산,연제구
0,부산,연제구
0,부산,연제구
1,부산,수영구
0,부산,수영구
1,부산,수영구
0,부산,수영구
1,부산,수영구
2,부산,수영구
0,부산,수영구
0,부산,수영구
0,,수영구
1,부산,수영구
0,부산,수영구
0,부산,수영구
0,부산,수영구
0,부산,수영구
0,부산,수영구
0,부산,수영구
0,부산,사상구
0,부산,사상구
0,부산,사상구
0,부산,사상구
0,부산,사상구
0,부산,사상구
1,,사상구
0,부산,사상구
0,부산,사상구
0,부산,
0,부산,사상구
0,부산,사상구
0,부산,사상구
0,부산,사상구
1,부산,사상구
0,부산,사상구
1,부산,사상구
0,부산,사상구
0,부산,사상구
0,부산,사상구
1,부산,사상구
0,부산,사상구
0,부산,사상구
0,대구,중구
0,,중구
0,대구,중구
0,,
1,대구,중구
0,대구,
0,대구,중구
1,대구,중구
1,대구,중구
0,대구,중구
2,대구,중구
0,대구,중구
0,대구,중구
0,대구,중구
0,대구,동구
2,대구,
0,대구,동구
0,대구,동구
0,대구,동구
0,대구,동구
0,대구,동구
0,대구,동구
0,,동구
0,대구,동구
0,대구,동구
0,대구,동구
0,대구,동구
0,대구,동구
0,대구,동구
0,대구,동구
0,대구,동구
0,대구,동구
0,대구,
0,대구,동구
0,대구,동구
0,대구,동구
1,대구,
1,대구,동구
0,대구,동구
0,대구,동구
0,대구,동구
0,대구,동구
0,대구,동구
0,대구,동구
0,,동구
0,대구,동구
2,대구,동구
0,대구,서구
0,대구,서구
0,,서구
0,대구,서구
0,대구,서구
0,대구,서구
0,대구,서구
0,대구,서구
0,대구,서구
0,대구,서구
0,대구,서구
0,대구,서구
0,대구,
0,대구,서구
0,대구,서구
0,대구,서구
2,대구,서구
0,대구,
0,대구,
1,대구,남구
0,대구,남구
0,대구,남구
0,대구,남구
0,대구,남구
2,대구,남구
1,대구,남구
0,대구,남구
0,대구,남구
0,대구,남구
0,대구,남구
0,대구,북구
1,대구,북구
0,대구,북구
0,대구,북구
0,대구,북구
0,대구,북구
1,대구,북구
0,대구,북구
0,대구,북구
1,대구,
0,대구,북구
0,대구,북구
1,대구,북구
1,대구,북구
1,대구,북구
0,대구,북구
1,대구,북구
1,대구,북구
2,대구,북구
1,대구,북구
1,대구,북구
0,대구,북구
0,대구,북구
0,대구,북구
0,대구,북구
0,대구,북구
1,대구,북구
0,대구,
0,대구,
0,대구,북구
0,대구,북구
0,대구,북구
0,대구,북구
0,대구,북구
0,대구,북구
0,대구,수성구
0,대구,수성구
0,대구,수성구
0,대구,수성구
0,대구,수성구
0,대구,수성구
0,,수성구
0,대구,수성구
0,대구,수성구
0,대구,수성구
0,대구,수성구
1,대구,수성구
0,대구,수성구
0,대구,수성구
0,대구,수성구
1,대구,수성구
0,대구,수성구
0,대구,수성구
0,대구,수성구
0,대구,수성구
0,대구,수성구
0,대구,수성구
0,대구,
0,대구,
0,대구,수성구
0,대구,수성구
0,대구,수성구
0,대구,수성구
0,대구,수성구
0,대구,수성구
0,대구,수성구
0,대구,수성구
0,대구,수성구
0,대구,수성구
0,대구,수성구
0,대구,달서구
0,대구,달서구
1,대구,달서구
0,대구,달서구
0,,달서구
0,대구,달서구
0,대구,달서구
0,대구,달서구
1,대구,달서구
1,대구,달서구
2,대구,달서구
0,대구,달서구
2,대구,달서구
0,대구,달서구
0,대구,달서구
0,대구,달서구
0,대구,달서구
0,대구,달서구
2,대구,
1,대구,달서구
0,대구,
0,대구,달서구
0,대구,달서구
1,대구,
1,대구,달서구
0,,달서구
0,대구,달서구
0,대구,달서구
0,대구,달서구
0,대구,달서구
0,대구,달서구
0,대구,달서구
1,대구,달서구
0,대구,달서구
0,,달서구
0,대구,달서구
0,대구,달서구
0,대구,달서구
1,,달서구
0,대구,달서구
0,대구,달서구
0,대구,
0,대구,달서구
0,대구,달서구
0,대구,달성군
0,대구,달성군
0,,달성군
0,대구,달성군
0,대구,달성군
2,대구,달성군
0,대구,달성군
0,대구,달성군
0,대구,달성군
0,대구,달성군
0,대구,달성군
0,대구,달성군
0,대구,달성군
1,대구,달성군
0,대구,달성군
0,인천,중구
0,인천,중구
0,인천,중구
0,인천,중구
0,인천,중구
1,인천,중구
0,인천,중구
2,인천,중구
0,인천,중구
1,인천,중구
0,인천,중구
0,인천,중구
0,인천,중구
1,인천,중구
0,인천,중구
0,인천,동구
0,인천,
0,인천,동구
0,인천,
0,인천,동구
0,인천,동구
0,,동구
0,인천,동구
0,인천,동구
0,인천,동구
2,인천,동구
0,인천,동구
0,인천,동구
0,인천,남구
0,인천,
0,인천,남구
0,인천,남구
0,인천,남구
1,인천,남구
0,인천,남구
0,인천,남구
0,인천,남구
0,인천,남구
0,인천,남구
1,인천,남구
1,인천,남구
1,인천,남구
1,인천,남구
1,인천,남구
0,인천,남구
0,인천,남구
0,인천,남구
0,인천,남구
0,,남구
0,,남구
0,인천,남구
0,인천,남구
0,인천,남구
1,인천,연수구
0,인천,연수구
1,인천,연수구
1,인천,연수구
0,인천,연수구
0,인천,연수구
0,인천,연수구
2,인천,연수구
1,인천,연수구
0,인천,연수구
0,인천,연수구
1,인천,연수구
0,인천,연수구
0,인천,
0,인천,연수구
0,,연수구
0,인천,
2,인천,연수구
0,인천,연수구
0,인천,연수구
0,인천,연수구
1,인천,연수구
0,인천,남동구
0,인천,남동구
1,인천,남동구
0,인천,남동구
0,인천,남동구
0,인천,남동구
2,인천,남동구
0,인천,남동구
0,인천,남동구
0,인천,남동구
1,인천,남동구
0,인천,남동구
0,인천,남동구
0,인천,남동구
0,인천,
0,인천,남동구
2,인천,남동구
0,인천,남동구
1,,남동구
0,인천,남동구
0,인천,남동구
0,인천,남동구
0,인천,남동구
0,,남동구
0,인천,남동구
0,인천,남동구
0,인천,남동구
0,인천,남동구
0,,부평구
0,인천,부평구
0,인천,부평구
0,인천,부평구
0,,
0,인천,부평구
0,인천,부평구
0,인천,부평구
1,인천,부평구
0,인천,부평구
0,인천,
1,인천,부평구
0,인천,부평구
0,인천,부평구
1,인천,부평구
0,인천,부평구
0,인천,부평구
0,인천,부평구
0,인천,부평구
1,인천,
1,인천,부평구
0,인천,부평구
0,인천,부평구
1,,부평구
0,인천,부평구
0,인천,부평구
2,인천,부평구
0,인천,부평구
0,인천,부평구
2,인천,부평구
0,인천,부평구
0,인천,부평구
0,인천,부평구
2,인천,계양구
0,인천,계양구
0,인천,계양구
0,인천,계양구
1,인천,계양구
0,인천,계양구
0,인천,계양구
0,인천,계양구
2,인천,계양구
0,인천,계양구
0,인천,계양구
0,인천,계양구
0,인천,계양구
0,인천,계양구
1,인천,서구
1,인천,
0,인천,서구
0,인천,서구
0,인천,
0,인천,서구
1,인천,서구
0,인천,서구
0,인천,서구
0,인천,서구
0,인천,서구
0,인천,서구
0,인천,서구
0,인천,서구
0,인천,서구
0,인천,서구
0,인천,서구
1,인천,서구
0,인천,서구
2,인천,서구
0,인천,서구
0,인천,서구
0,인천,서구
1,인천,서구
0,인천,서구
0,인천,서구
0,인천,서구
2,인천,강화군
0,인천,강화군
0,인천,강화군
0,인천,강화군
0,인천,강화군
2,인천,강화군
0,인천,강화군
1,인천,강화군
0,인천,강화군
0,인천,강화군
0,인천,강화군
0,인천,강화군
0,,강화군
0,인천,강화군
0,인천,강화군
0,인천,강화군
0,인천,옹진군
0,인천,옹진군
0,인천,옹진군
0,인천,옹진군
0,인천,
0,인천,옹진군
0,,옹진군
0,인천,옹진군
2,인천,옹진군
0,인천,옹진군
0,인천,옹진군
0,인천,옹진군
0,,옹진군
1,인천,옹진군
0,광주,동구
0,광주,동구
0,광주,동구
0,,동구
0,,동구
0,광주,동구
0,광주,동구
0,광주,동구
0,광주,동구
1,광주,동구
0,광주,동구
0,광주,동구
0,광주,동구
0,광주,동구
0,광주,동구
0,광주,서구
0,광주,서구
1,광주,서구
0,광주,서구
2,광주,서구
0,광주,서구
0,광주,서구
0,광주,서구
0,광주,서구
0,광주,서구
0,광주,서구
0,광주,서구
1,광주,서구
0,광주,서구
0,광주,서구
0,광주,서구
0,광주,서구
0,,서구
0,광주,서구
0,광주,서구
0,광주,서구
0,광주,남구
0,광주,남구
0,광주,남구
0,광주,남구
0,광주,남구
0,광주,남구
0,광주,남구
0,,남구
0,광주,남구
1,광주,
0,광주,남구
0,광주,남구
0,광주,남구
0,광주,남구
0,광주,남구
0,광주,남구
0,광주,남구
0,광주,남구
0,광주,남구
0,광주,남구
0,광주,북구
0,광주,북구
0,광주,북구
0,광주,북구
1,광주,북구
0,광주,북구
0,광주,북구
1,,북구
0,광주,북구
0,,북구
0,광주,북구
0,광주,북구
0,광주,북구
0,광주,북구
0,광주,북구
0,광주,북구
0,광주,북구
0,광주,북구
2,광주,북구
1,광주,북구
0,광주,북구
0,광주,북구
0,광주,북구
0,광주,북구
1,광주,북구
0,광주,북구
0,광주,북구
0,광주,북구
0,광주,북구
0,광주,북구
1,,북구
0,광주,북구
1,광주,북구
0,광주,북구
0,광주,북구
0,광주,북구
1,,북구
2,광주,북구
0,광주,북구
0,광주,북구
0,광주,광산구
0,광주,광산구
0,광주,광산구
0,광주,광산구
0,광주,광산구
2,광주,광산구
0,광주,광산구
0,광주,광산구
0,광주,광산구
0,,광산구
0,광주,광산구
1,광주,광산구
0,광주,광산구
0,광주,광산구
0,광주,광산구
2,광주,광산구
0,,광산구
2,,광산구
0,광주,광산구
0,광주,광산구
0,,
1,광주,
0,광주,
0,광주,광산구
0,광주,광산구
0,광주,광산구
0,광주,광산구
0,광주,광산구
0,광주,광산구
0,광주,광산구
0,광주,광산구
1,광주,광산구
2,광주,광산구
1,광주,광산구
0,광주,광산구
0,광주,광산구
0,대전,동구
1,대전,동구
2,대전,동구
1,대전,동구
0,대전,동구
0,대전,동구
0,대전,동구
0,대전,동구
0,대전,동구
0,대전,동구
0,대전,동구
0,대전,동구
0,대전,동구
0,대전,동구
0,대전,동구
0,대전,동구
0,,동구
1,대전,동구
0,대전,동구
0,대전,중구
0,대전,중구
0,대전,중구
0,대전,중구
0,대전,중구
0,대전,중구
1,대전,중구
0,대전,중구
0,대전,중구
0,대전,중구
1,대전,중구
0,대전,중구
0,대전,중구
0,대전,중구
2,대전,중구
2,대전,중구
2,대전,중구
1,대전,중구
0,대전,중구
0,대전,중구
0,대전,서구
0,대전,서구
0,대전,서구
0,대전,서구
0,대전,서구
1,대전,서구
0,대전,서구
0,대전,서구
1,대전,서구
0,대전,서구
0,대전,서구
0,,서구
2,대전,서구
0,대전,서구
0,대전,서구
0,대전,서구
0,대전,서구
1,대전,서구
0,,서구
2,대전,서구
0,대전,서구
0,대전,서구
2,대전,서구
0,대전,서구
0,대전,서구
0,대전,서구
0,대전,서구
0,대전,서구
1,대전,서구
0,대전,서구
0,대전,서구
0,대전,서구
0,대전,서구
0,대전,서구
0,대전,서구
0,대전,서구
1,대전,서구
0,대전,서구
1,대전,
1,대전,서구
0,대전,서구
0,대전,서구
1,,서구
0,대전,서구
0,,유성구
0,대전,유성구
0,대전,유성구
0,대전,유성구
0,대전,유성구
2,대전,유성구
0,대전,유성구
0,대전,유성구
1,대전,유성구
1,대전,유성구
0,대전,유성구
0,대전,유성구
0,대전,유성구
0,대전,유성구
0,대전,유성구
0,대전,유성구
1,대전,유성구
1,대전,유성구
0,대전,유성구
2,대전,유성구
0,대전,유성구
0,대전,대덕구
1,대전,대덕구
0,대전,대덕구
0,대전,대덕구
1,대전,대덕구
0,대전,대덕구
0,대전,대덕구
1,대전,대덕구
1,대전,대덕구
0,대전,대덕구
0,대전,대덕구
0,대전,대덕구
1,대전,대덕구
0,대전,대덕구
0,대전,대덕구
0,울산,중구
0,울산,
0,울산,중구
0,울산,중구
2,울산,중구
1,울산,중구
0,울산,중구
0,울산,중구
0,울산,중구
2,,중구
0,울산,중구
2,울산,중구
0,울산,중구
0,울산,중구
0,울산,중구
0,울산,중구
0,울산,중구
1,울산,남구
0,울산,남구
0,울산,남구
0,울산,남구
1,울산,남구
0,울산,남구
0,울산,남구
0,울산,남구
0,울산,남구
0,울산,남구
0,울산,남구
0,울산,남구
0,울산,남구
0,울산,남구
1,울산,남구
2,울산,남구
0,울산,
0,울산,
0,울산,남구
0,울산,남구
0,울산,남구
0,울산,남구
1,울산,남구
0,울산,
0,울산,동구
0,울산,동구
0,울산,동구
0,울산,동구
0,울산,동구
0,울산,
1,울산,
1,울산,동구
0,울산,동구
1,울산,동구
0,울산,동구
0,울산,동구
1,울산,북구
0,울산,북구
0,울산,북구
1,울산,북구
0,울산,북구
0,울산,북구
0,울산,북구
0,울산,북구
0,울산,북구
0,울산,북구
0,울산,북구
1,울산,울주군
0,울산,울주군
0,울산,울주군
0,울산,울주군
0,울산,울주군
0,울산,
2,울산,울주군
0,울산,울주군
0,울산,울주군
0,울산,울주군
0,울산,울주군
0,울산,울주군
0,,울주군
0,울산,울주군
0,울산,울주군
1,울산,울주군
1,울산,울주군
0,경기,수원시 장안구
1,경기,수원시 장안구
0,경기,수원시 장안구
1,경기,수원시 장안구
0,경기,수원시 장안구
0,경기,수원시 장안구
0,경기,수원시 장안구
1,경기,
0,경기,수원시 장안구
0,경기,수원시 장안구
0,경기,수원시 장안구
0,경기,수원시 장안구
1,경기,수원시 장안구
0,경기,
1,경기,수원시 장안구
1,경기,수원시 장안구
1,경기,수원시 장안구
1,경기,수원시 장안구
0,경기,수원시 권선구
2,경기,수원시 권선구
0,경기,수원시 권선구
0,,
1,경기,수원시 권선구
1,경기,
0,경기,수원시 권선구
0,경기,수원시 권선구
0,경기,
2,경기,수원시 권선구
0,경기,수원시 권선구
0,경기,
0,경기,수원시 권선구
0,경기,수원시 권선구
0,경기,수원시 권선구
0,경기,수원시 권선구
0,경기,수원시 권선구
0,경기,수원시 팔달구
0,,수원시 팔달구
0,경기,수원시 팔달구
0,경기,수원시 팔달구
0,경기,수원시 팔달구
0,경기,수원시 팔달구
0,경기,수원시 팔달구
0,경기,수원시 팔달구
1,경기,수원시 팔달구
0,경기,수원시 팔달구
0,경기,수원시 팔달구
1,경기,수원시 팔달구
0,경기,수원시 팔달구
2,경기,수원시 팔달구
1,경기,수원시 영통구
1,경기,수원시 영통구
0,경기,수원시 영통구
0,경기,
0,경기,수원시 영통구
0,경기,수원시 영통구
0,경기,수원시 영통구
0,경기,수원시 영통구
1,경기,
0,경기,수원시 영통구
0,경기,수원시 영통구
0,경기,수원시 영통구
2,경기,수원시 영통구
0,경기,수원시 영통구
0,경기,수원시 영통구
0,경기,
0,경기,수원시 영통구
1,경기,수원시 영통구
0,경기,수원시 영통구
1,,성남시 수정구
0,경기,성남시 수정구
2,경기,성남시 수정구
0,경기,성남시 수정구
0,경기,성남시 수정구
0,경기,성남시 수정구
0,경기,성남시 수정구
0,경기,성남시 수정구
1,경기,성남시 수정구
0,경기,성남시 수정구
0,경기,성남시 수정구
0,경기,성남시 중원구
0,경기,성남시 중원구
1,경기,
0,경기,성남시 중원구
0,경기,성남시 중원구
0,경기,성남시 중원구
0,경기,성남시 중원구
2,경기,성남시 중원구
0,경기,성남시 중원구
2,경기,성남시 중원구
0,경기,성남시 중원구
0,경기,성남시 중원구
0,,성남시 중원구
0,경기,성남시 중원구
0,경기,성남시 중원구
0,경기,성남시 중원구
0,경기,성남시 중원구
0,경기,성남시 중원구
0,경기,성남시 중원구
0,경기,성남시 중원구
0,경기,성남시 분당구
0,경기,성남시 분당구
0,경기,성남시 분당구
0,경기,
0,경기,성남시 분당구
2,경기,성남시 분당구
0,경기,성남시 분당구
1,경기,성남시 분당구
0,경기,성남시 분당구
0,경기,성남시 분당구
0,경기,성남시 분당구
0,경기,성남시 분당구
0,경기,성남시 분당구
0,경기,
0,경기,성남시 분당구
1,경기,성남시 분당구
0,경기,성남시 분당구
0,경기,성남시 분당구
0,경기,
0,경기,
0,경기,성남시 분당구
1,경기,성남시 분당구
2,경기,성남시 분당구
0,경기,성남시 분당구
0,경기,성남시 분당구
0,,성남시 분당구
0,경기,의정부시
1,경기,의정부시
0,경기,의정부시
0,경기,의정부시
0,경기,의정부시
0,경기,의정부시
0,경기,의정부시
0,경기,의정부시
0,경기,의정부시
0,경기,의정부시
1,경기,의정부시
1,경기,의정부시
1,경기,의정부시
0,경기,의정부시
1,경기,의정부시
0,경기,의정부시
0,경기,의정부시
0,경기,의정부시
0,경기,의정부시
0,경기,의정부시
0,,
0,경기,
0,경기,안양시 만안구
0,경기,안양시 만안구
0,경기,안양시 만안구
0,경기,안양시 만안구
0,경기,안양시 만안구
0,경기,안양시 만안구
0,경기,안양시 만안구
0,경기,안양시 만안구
0,경기,안양시 만안구
0,경기,
0,경기,안양시 만안구
0,경기,안양시 만안구
1,경기,
0,경기,안양시 만안구
0,경기,안양시 만안구
0,경기,안양시 만안구
0,경기,안양시 만안구
0,경기,안양시 만안구
0,경기,안양시 만안구
0,,안양시 만안구
1,경기,안양시 동안구
0,경기,안양시 동안구
0,경기,안양시 동안구
1,경기,안양시 동안구
0,경기,안양시 동안구
0,경기,안양시 동안구
0,경기,안양시 동안구
0,경기,안양시 동안구
1,경기,안양시 동안구
0,경기,안양시 동안구
0,경기,안양시 동안구
1,경기,안양시 동안구
0,경기,안양시 동안구
1,경기,안양시 동안구
0,경기,안양시 동안구
0,경기,안양시 동안구
0,경기,
2,경기,
0,경기,안양시 동안구
0,경기,안양시 동안구
1,경기,안양시 동안구
0,경기,부천시 원미구
0,경기,부천시 원미구
0,경기,부천시 원미구
0,경기,부천시 원미구
0,,부천시 원미구
0,경기,
0,경기,부천시 원미구
1,경기,부천시 원미구
2,경기,부천시 원미구
0,경기,부천시 원미구
0,경기,부천시 원미구
0,경기,부천시 원미구
0,,부천시 원미구
0,경기,부천시 원미구
0,경기,부천시 원미구
0,경기,부천시 원미구
1,경기,부천시 원미구
0,경기,부천시 원미구
1,경기,부천시 원미구
0,경기,부천시 원미구
0,경기,부천시 원미구
0,경기,부천시 원미구
0,경기,부천시 원미구
0,경기,부천시 원미구
0,경기,부천시 원미구
0,경기,부천시 원미구
0,경기,부천시 원미구
0,경기,부천시 원미구
1,경기,부천시 원미구
0,경기,
0,경기,부천시 원미구
2,경기,부천시 소사구
1,,부천시 소사구
0,경기,부천시 소사구
0,경기,부천시 소사구
0,경기,부천시 소사구
0,경기,부천시 소사구
0,경기,부천시 소사구
0,경기,부천시 소사구
0,경기,
0,경기,부천시 소사구
1,경기,부천시 소사구
0,경기,부천시 소사구
0,경기,부천시 소사구
0,경기,부천시 소사구
0,경기,부천시 오정구
1,경기,
1,,부천시 오정구
0,경기,부천시 오정구
0,경기,부천시 오정구
0,경기,부천시 오정구
0,경기,부천시 오정구
0,경기,부천시 오정구
0,경기,부천시 오정구
0,경기,부천시 오정구
0,경기,부천시 오정구
0,경기,부천시 오정구
0,,부천시 오정구
0,경기,광명시
2,경기,광명시
0,경기,광명시
0,경기,광명시
1,경기,광명시
0,경기,광명시
0,경기,광명시
1,경기,광명시
0,경기,광명시
0,,광명시
0,경기,광명시
1,경기,광명시
1,경기,광명시
0,경기,광명시
2,경기,광명시
0,경기,광명시
0,경기,광명시
0,경기,광명시
1,경기,광명시
0,경기,광명시
0,경기,광명시
0,경기,광명시
1,경기,광명시
0,경기,광명시
0,경기,광명시
2,경기,평택시
2,경기,평택시
0,경기,평택시
0,경기,평택시
1,,평택시
0,경기,평택시
0,경기,평택시
0,경기,평택시
0,경기,평택시
0,경기,평택시
1,경기,평택시
2,경기,평택시
0,경기,평택시
0,경기,평택시
0,경기,평택시
0,경기,평택시
0,경기,평택시
0,경기,평택시
0,경기,평택시
0,경기,
0,경기,
0,경기,평택시
1,경기,평택시
0,경기,평택시
0,경기,평택시
0,경기,평택시
1,경기,평택시
0,경기,양주시
0,경기,양주시
1,경기,양주시
0,경기,양주시
0,경기,
0,경기,양주시
0,경기,양주시
0,경기,양주시
0,경기,양주시
2,경기,양주시
0,경기,양주시
0,경기,양주시
0,경기,양주시
0,경기,
1,,양주시
1,경기,양주시
1,경기,양주시
0,경기,양주시
0,경기,동두천시
0,경기,
1,경기,동두천시
1,경기,동두천시
2,경기,동두천시
1,경기,동두천시
0,경기,동두천시
0,경기,동두천시
0,경기,동두천시
0,경기,
0,경기,동두천시
2,경기,
0,경기,안산시 상록구
0,경기,안산시 상록구
0,경기,안산시 상록구
0,경기,안산시 상록구
0,경기,안산시 상록구
0,경기,안산시 상록구
0,경기,
1,경기,안산시 상록구
1,경기,안산시 상록구
0,경기,
0,경기,안산시 상록구
0,경기,안산시 상록구
0,,안산시 상록구
0,경기,안산시 상록구
0,경기,안산시 상록구
0,경기,안산시 상록구
0,경기,안산시 상록구
0,경기,안산시 상록구
0,경기,안산시 단원구
0,경기,안산시 단원구
0,경기,안산시 단원구
0,경기,안산시 단원구
0,경기,안산시 단원구
0,경기,안산시 단원구
0,경기,안산시 단원구
0,경기,안산시 단원구
0,경기,안산시 단원구
0,경기,안산시 단원구
1,경기,안산시 단원구
0,경기,안산시 단원구
0,경기,안산시 단원구
0,,안산시 단원구
1,경기,안산시 단원구
0,경기,안산시 단원구
0,경기,고양시 덕양구
0,,고양시 덕양구
0,경기,고양시 덕양구
0,경기,고양시 덕양구
0,,고양시 덕양구
2,경기,고양시 덕양구
2,경기,고양시 덕양구
0,,고양시 덕양구
0,경기,고양시 덕양구
0,,고양시 덕양구
2,경기,고양시 덕양구
0,경기,고양시 덕양구
0,경기,고양시 덕양구
0,경기,고양시 덕양구
0,경기,고양시 덕양구
0,경기,
0,경기,고양시 덕양구
0,경기,고양시 덕양구
0,경기,고양시 덕양구
0,경기,
0,경기,고양시 덕양구
0,경기,고양시 덕양구
2,경기,고양시 덕양구
1,경기,고양시 덕양구
0,경기,고양시 덕양구
0,경기,고양시 덕양구
0,경기,고양시 일산동구
0,경기,고양시 일산동구
0,경기,고양시 일산동구
2,경기,고양시 일산동구
0,,고양시 일산동구
0,경기,고양시 일산동구
0,경기,고양시 일산동구
0,경기,고양시 일산동구
2,경기,고양시 일산동구
0,경기,고양시 일산동구
0,경기,고양시 일산동구
1,경기,고양시 일산동구
0,경기,고양시 일산동구
0,경기,
0,경기,고양시 일산동구
0,,고양시 일산동구
0,경기,고양시 일산서구
0,경기,고양시 일산서구
1,경기,고양시 일산서구
1,경기,고양시 일산서구
1,경기,고양시 일산서구
0,경기,고양시 일산서구
0,경기,
0,경기,고양시 일산서구
1,경기,고양시 일산서구
0,경기,고양시 일산서구
0,경기,고양시 일산서구
1,경기,고양시 일산서구
2,경기,
0,경기,과천시
0,경기,과천시
1,경기,
0,경기,과천시
0,경기,과천시
0,경기,과천시
2,경기,과천시
0,경기,과천시
0,경기,과천시
0,경기,과천시
0,경기,과천시
2,경기,과천시
2,경기,과천시
1,경기,과천시
0,경기,과천시
0,경기,과천시
0,경기,과천시
0,경기,과천시
0,경기,의왕시
2,경기,의왕시
0,경기,의왕시
0,경기,의왕시
0,경기,의왕시
0,경기,의왕시
0,경기,의왕시
0,경기,의왕시
0,경기,의왕시
0,경기,의왕시
1,경기,의왕시
2,경기,구리시
0,경기,구리시
0,경기,구리시
2,경기,구리시
0,경기,구리시
0,경기,구리시
0,경기,구리시
0,경기,구리시
0,경기,
1,경기,구리시
0,경기,구리시
1,경기,남양주시
0,경기,남양주시
0,경기,남양주시
1,경기,남양주시
0,경기,남양주시
0,경기,남양주시
0,경기,남양주시
0,경기,남양주시
1,경기,남양주시
0,경기,남양주시
2,,남양주시
1,경기,남양주시
0,경기,남양주시
0,경기,남양주시
1,경기,남양주시
0,경기,남양주시
0,경기,남양주시
0,경기,남양주시
0,경기,남양주시
0,경기,남양주시
1,경기,남양주시
0,경기,남양주시
1,,남양주시
2,경기,남양주시
0,경기,남양주시
0,경기,남양주시
0,경기,남양주시
0,경기,남양주시
1,경기,오산시
0,경기,오산시
2,경기,오산시
0,경기,오산시
0,경기,오산시
0,경기,오산시
0,경기,오산시
0,경기,오산시
0,경기,오산시
0,경기,오산시
0,경기,오산시
2,경기,오산시
0,경기,오산시
0,경기,화성시
1,경기,화성시
0,경기,화성시
0,경기,화성시
1,경기,
0,경기,화성시
2,경기,화성시
0,경기,화성시
0,경기,화성시
0,경기,화성시
0,경기,화성시
0,경기,화성시
0,경기,화성시
0,경기,화성시
0,경기,화성시
1,경기,화성시
0,경기,화성시
0,경기,화성시
0,경기,화성시
2,경기,화성시
1,경기,화성시
0,경기,화성시
0,경기,화성시
0,경기,화성시
1,경기,화성시
0,경기,화성시
1,경기,화성시
1,경기,화성시
0,경기,화성시
0,경기,화성시
0,경기,시흥시
2,경기,시흥시
0,경기,시흥시
0,경기,시흥시
0,경기,시흥시
0,경기,시흥시
0,경기,시흥시
0,경기,시흥시
0,경기,시흥시
0,경기,시흥시
0,경기,시흥시
0,경기,시흥시
0,경기,시흥시
0,경기,시흥시
0,경기,시흥시
0,경기,시흥시
0,경기,시흥시
0,,시흥시
2,경기,시흥시
0,경기,시흥시
1,경기,시흥시
1,경기,군포시
0,경기,군포시
2,경기,군포시
1,경기,군포시
0,경기,군포시
0,경기,군포시
0,경기,군포시
0,경기,군포시
2,경기,군포시
1,경기,군포시
0,경기,군포시
0,경기,군포시
0,,군포시
0,경기,군포시
0,경기,군포시
0,경기,군포시
0,경기,군포시
0,경기,하남시
0,,하남시
0,경기,
0,경기,하남시
0,경기,하남시
0,경기,하남시
0,경기,하남시
0,경기,하남시
0,경기,하남시
1,경기,하남시
0,경기,하남시
0,경기,
0,경기,파주시
0,경기,파주시
0,경기,파주시
0,경기,파주시
1,경기,파주시
0,경기,파주시
0,경기,파주시
0,경기,파주시
0,경기,파주시
0,경기,파주시
0,경기,파주시
0,경기,파주시
0,경기,파주시
0,경기,파주시
0,경기,파주시
0,경기,파주시
1,경기,파주시
1,경기,파주시
0,경기,파주시
1,경기,파주시
0,경기,파주시
2,경기,파주시
0,경기,파주시
0,경기,파주시
0,경기,파주시
0,경기,파주시
0,경기,파주시
0,경기,파주시
0,경기,파주시
0,경기,파주시
0,경기,파주시
0,경기,여주시
1,경기,여주시
0,경기,
1,경기,여주시
0,경기,여주시
1,경기,여주시
0,경기,여주시
1,경기,여주시
0,경기,여주시
0,경기,여주시
0,경기,이천시
0,경기,이천시
0,경기,이천시
0,경기,이천시
0,경기,이천시
0,경기,이천시
0,경기,이천시
0,경기,이천시
0,경기,이천시
0,경기,이천시
0,경기,이천시
0,경기,이천시
0,경기,이천시
0,경기,이천시
0,경기,이천시
0,,이천시
0,경기,이천시
1,경기,용인시 처인구
1,경기,용인시 처인구
0,경기,용인시 처인구
0,경기,용인시 처인구
1,경기,용인시 처인구
0,경기,용인시 처인구
1,경기,용인시 처인구
0,경기,용인시 처인구
0,경기,용인시 처인구
1,경기,용인시 처인구
0,경기,용인시 처인구
1,경기,용인시 처인구
0,경기,용인시 처인구
0,경기,용인시 처인구
0,경기,용인시 수지구
0,경기,용인시 수지구
2,경기,용인시 수지구
0,경기,용인시 수지구
0,경기,용인시 수지구
1,경기,용인시 수지구
1,,용인시 수지구
0,,용인시 수지구
0,경기,용인시 수지구
0,경기,용인시 수지구
0,경기,용인시 수지구
1,경기,용인시 수지구
0,경기,용인시 수지구
1,경기,용인시 수지구
0,경기,용인시 수지구
0,경기,용인시 수지구
0,경기,용인시 기흥구
0,경기,용인시 기흥구
0,경기,용인시 기흥구
0,경기,용인시 기흥구
0,경기,
0,,용인시 기흥구
0,경기,용인시 기흥구
0,경기,용인시 기흥구
0,경기,용인시 기흥구
0,경기,용인시 기흥구
0,경기,용인시 기흥구
0,경기,
0,경기,
0,경기,용인시 기흥구
0,경기,용인시 기흥구
0,경기,용인시 기흥구
0,경기,안성시
0,경기,안성시
0,경기,안성시
1,경기,안성시
0,경기,안성시
1,경기,안성시
0,,안성시
1,경기,안성시
2,경기,안성시
0,경기,안성시
1,경기,안성시
0,경기,안성시
0,경기,
1,경기,안성시
0,경기,안성시
0,경기,안성시
0,경기,안성시
0,경기,김포시
0,경기,김포시
0,경기,김포시
0,경기,김포시
0,경기,김포시
0,경기,김포시
1,경기,김포시
0,경기,김포시
0,경기,김포시
0,경기,김포시
0,경기,김포시
1,경기,김포시
1,경기,김포시
0,경기,김포시
0,경기,김포시
0,경기,광주시
1,경기,광주시
2,경기,광주시
0,경기,광주시
1,경기,광주시
0,,광주시
0,경기,광주시
0,경기,광주시
0,경기,광주시
0,경기,광주시
1,경기,광주시
2,경기,광주시
0,경기,광주시
0,경기,광주시
0,경기,광주시
0,경기,포천시
0,경기,포천시
1,경기,포천시
0,경기,포천시
1,경기,포천시
0,경기,포천시
0,경기,포천시
1,경기,포천시
0,경기,포천시
0,경기,포천시
1,경기,포천시
0,경기,포천시
0,경기,포천시
0,경기,연천군
1,경기,연천군
0,경기,연천군
0,경기,연천군
0,경기,연천군
0,,연천군
2,경기,연천군
0,강원,춘천시
1,강원,춘천시
0,강원,춘천시
0,강원,춘천시
0,강원,춘천시
0,강원,춘천시
0,강원,춘천시
0,강원,
0,강원,
2,강원,춘천시
0,강원,춘천시
0,강원,춘천시
1,강원,춘천시
0,강원,춘천시
0,강원,춘천시
0,강원,춘천시
0,강원,춘천시
0,강원,춘천시
1,강원,춘천시
0,강원,춘천시
0,강원,춘천시
0,강원,춘천시
0,강원,춘천시
0,강원,춘천시
1,강원,춘천시
0,강원,춘천시
0,강원,
0,강원,춘천시
0,강원,춘천시
0,강원,춘천시
0,강원,춘천시
0,강원,춘천시
0,강원,춘천시
2,강원,춘천시
1,강원,춘천시
0,강원,춘천시
1,강원,춘천시
2,강원,춘천시
0,강원,춘천시
0,강원,춘천시
0,강원,원주시
0,강원,원주시
0,강원,원주시
0,강원,원주시
0,강원,원주시
0,강원,원주시
0,강원,원주시
2,강원,원주시
0,강원,원주시
0,강원,원주시
0,강원,원주시
0,강원,원주시
0,강원,원주시
1,강원,원주시
0,강원,원주시
2,강원,원주시
1,강원,원주시
0,,원주시
0,,원주시
0,강원,원주시
0,강원,원주시
0,강원,원주시
0,,
1,,원주시
0,강원,원주시
0,강원,원주시
2,강원,원주시
0,강원,원주시
0,강원,원주시
0,,원주시
0,강원,원주시
0,강원,원주시
1,강원,원주시
0,강원,원주시
2,강원,원주시
0,강원,원주시
0,강원,원주시
0,강원,원주시
0,강원,원주시
1,강원,강릉시
0,강원,강릉시
0,,강릉시
2,강원,강릉시
0,강원,강릉시
0,강원,강릉시
0,강원,강릉시
0,강원,강릉시
1,강원,강릉시
0,,강릉시
0,강원,강릉시
0,강원,강릉시
0,강원,강릉시
0,강원,강릉시
0,강원,강릉시
0,강원,강릉시
0,강원,
0,강원,강릉시
0,강원,강릉시
0,강원,강릉시
0,강원,강릉시
0,강원,강릉시
0,강원,강릉시
0,,강릉시
0,강원,강릉시
0,강원,강릉시
0,강원,
0,강원,강릉시
0,강원,강릉시
0,,강릉시
0,강원,강릉시
1,강원,강릉시
1,강원,강릉시
0,강원,강릉시
1,강원,강릉시
0,강원,강릉시
0,강원,강릉시
0,강원,강릉시
0,강원,
1,강원,동해시
0,강원,동해시
1,강원,동해시
0,강원,동해시
0,강원,동해시
0,강원,동해시
0,강원,동해시
0,강원,동해시
0,강원,동해시
0,강원,동해시
0,강원,동해시
0,,동해시
0,강원,동해시
0,강원,동해시
1,강원,동해시
0,강원,
0,강원,동해시
0,강원,동해시
0,강원,삼척시
2,강원,삼척시
1,강원,삼척시
0,강원,삼척시
0,강원,삼척시
1,,삼척시
0,강원,삼척시
0,강원,삼척시
0,강원,
0,강원,삼척시
0,강원,삼척시
0,강원,삼척시
1,강원,삼척시
0,강원,삼척시
0,강원,삼척시
0,강원,삼척시
0,강원,삼척시
0,강원,삼척시
0,강원,
2,강원,삼척시
0,강원,태백시
1,강원,태백시
0,강원,태백시
0,강원,
0,강원,태백시
0,강원,태백시
0,강원,태백시
0,강원,태백시
0,강원,태백시
0,강원,태백시
0,강원,태백시
2,강원,태백시
0,강원,태백시
0,강원,태백시
2,강원,태백시
0,강원,태백시
0,강원,
2,강원,태백시
0,강원,정선군
0,강원,정선군
0,강원,
0,강원,정선군
2,강원,정선군
0,강원,정선군
0,강원,정선군
0,강원,정선군
0,강원,정선군
0,강원,정선군
0,강원,정선군
0,강원,정선군
1,강원,정선군
1,강원,정선군
2,강원,정선군
0,강원,속초시
0,,속초시
0,강원,
0,강원,속초시
0,강원,속초시
0,강원,속초시
0,강원,속초시
2,강원,속초시
0,강원,속초시
0,강원,속초시
1,,
0,강원,속초시
0,,속초시
2,강원,속초시
0,강원,속초시
2,강원,속초시
0,강원,
0,강원,
0,강원,속초시
0,강원,고성군
0,강원,고성군
0,강원,고성군
0,강원,고성군
0,강원,고성군
0,강원,고성군
1,강원,
0,강원,고성군
0,강원,고성군
1,강원,고성군
0,,고성군
1,강원,
2,강원,고성군
0,강원,고성군
0,강원,고성군
0,강원,양양군
0,강원,양양군
0,강원,양양군
1,강원,양양군
0,강원,양양군
0,강원,양양군
0,강원,양양군
0,강원,양양군
0,,양양군
0,강원,양양군
0,강원,양양군
0,,양양군
0,강원,양양군
0,강원,양양군
0,강원,인제군
0,강원,인제군
0,강원,인제군
0,강원,인제군
1,강원,인제군
0,강원,인제군
0,강원,인제군
0,강원,인제군
1,강원,인제군
0,강원,인제군
0,강원,인제군
0,강원,인제군
0,강원,인제군
0,강원,인제군
0,강원,홍천군
0,강원,홍천군
0,강원,홍천군
0,강원,홍천군
0,강원,홍천군
1,강원,홍천군
1,,홍천군
0,강원,홍천군
0,강원,홍천군
0,강원,홍천군
0,강원,홍천군
0,강원,홍천군
0,,홍천군
0,강원,홍천군
0,,
0,강원,횡성군
0,강원,횡성군
0,강원,횡성군
0,강원,횡성군
1,강원,횡성군
0,강원,횡성군
0,강원,횡성군
0,강원,횡성군
1,강원,횡성군
0,강원,
0,,횡성군
0,강원,횡성군
0,강원,횡성군
0,강원,영월군
1,강원,영월군
2,,영월군
0,강원,영월군
0,강원,
2,강원,영월군
0,강원,영월군
0,강원,영월군
0,강원,영월군
0,강원,영월군
0,강원,영월군
0,,영월군
0,강원,
0,강원,영월군
0,강원,
0,강원,평창군
0,강원,평창군
0,강원,평창군
2,강원,평창군
1,강원,평창군
1,,평창군
0,강원,평창군
1,강원,평창군
0,강원,평창군
1,강원,평창군
0,강원,평창군
0,강원,평창군
1,강원,화천군
2,,화천군
1,강원,화천군
0,강원,화천군
0,강원,화천군
0,강원,화천군
0,강원,화천군
0,,화천군
0,강원,화천군
0,강원,화천군
0,강원,화천군
0,강원,화천군
0,강원,화천군
0,강원,화천군
0,강원,화천군
0,강원,양구군
0,강원,양구군
1,강원,양구군
0,,양구군
0,강원,양구군
0,강원,양구군
0,강원,양구군
0,강원,양구군
0,강원,양구군
1,강원,양구군
0,강원,양구군
1,강원,양구군
0,강원,양구군
0,강원,양구군
1,강원,양구군
1,강원,양구군
0,강원,양구군
0,강원,철원군
0,강원,철원군
1,강원,철원군
0,강원,철원군
0,강원,철원군
0,강원,철원군
0,강원,철원군
0,강원,철원군
0,,철원군
0,강원,철원군
0,강원,철원군
1,강원,철원군
0,충북,청주시 상당구
0,충북,청주시 상당구
0,충북,청주시 상당구
0,충북,청주시 상당구
0,충북,청주시 상당구
0,충북,청주시 상당구
0,충북,청주시 상당구
0,충북,청주시 상당구
0,충북,청주시 상당구
1,충북,청주시 상당구
0,충북,청주시 상당구
0,충북,청주시 상당구
2,충북,청주시 상당구
0,충북,청주시 상당구
0,충북,청주시 상당구
0,충북,청주시 상당구
2,충북,청주시 흥덕구
0,충북,청주시 흥덕구
0,충북,청주시 흥덕구
0,,청주시 흥덕구
1,충북,청주시 흥덕구
0,충북,청주시 흥덕구
1,충북,청주시 흥덕구
0,충북,청주시 흥덕구
0,,청주시 흥덕구
1,충북,청주시 흥덕구
0,충북,청주시 흥덕구
0,충북,청주시 흥덕구
1,,청주시 흥덕구
0,충북,청주시 흥덕구
2,충북,청주시 흥덕구
0,충북,청주시 흥덕구
0,충북,청주시 흥덕구
0,충북,청주시 흥덕구
1,충북,청주시 흥덕구
0,충북,청주시 흥덕구
0,충북,청주시 흥덕구
0,,청주시 흥덕구
0,충북,청주시 흥덕구
0,충북,청주시 흥덕구
0,충북,청주시 흥덕구
0,충북,
0,충북,청주시 흥덕구
1,충북,청주시 흥덕구
0,충북,청주시 흥덕구
0,충북,청주시 흥덕구
2,충북,
0,,
0,충북,충주시
0,충북,충주시
0,충북,충주시
1,충북,충주시
1,충북,충주시
1,충북,충주시
0,충북,충주시
1,충북,충주시
0,충북,충주시
0,충북,충주시
0,충북,충주시
1,충북,충주시
0,충북,충주시
0,충북,충주시
0,충북,충주시
0,충북,충주시
0,충북,충주시
0,충북,충주시
0,충북,충주시
0,충북,충주시
0,충북,충주시
0,충북,충주시
0,충북,충주시
0,충북,충주시
0,충북,충주시
1,충북,충주시
1,충북,충주시
1,충북,충주시
0,충북,충주시
0,충북,충주시
0,충북,충주시
0,충북,충주시
0,충북,충주시
0,충북,충주시
1,충북,제천시
0,충북,제천시
0,충북,제천시
0,충북,제천시
0,충북,제천시
0,충북,제천시
1,충북,제천시
0,충북,제천시
0,충북,제천시
0,충북,제천시
0,충북,제천시
0,충북,제천시
0,충북,제천시
0,충북,제천시
0,충북,제천시
0,충북,제천시
0,충북,제천시
0,충북,제천시
0,충북,제천시
0,충북,제천시
0,충북,제천시
0,충북,제천시
0,충북,제천시
0,충북,제천시
0,충북,단양군
0,충북,단양군
0,충북,단양군
0,충북,단양군
0,충북,단양군
0,충북,단양군
0,충북,단양군
1,충북,단양군
0,충북,단양군
0,충북,단양군
0,충북,단양군
0,충북,단양군
0,충북,단양군
1,충북,단양군
0,충북,단양군
0,충북,단양군
0,충북,청원군
0,충북,청원군
0,충북,청원군
1,충북,청원군
0,충북,청원군
0,충북,청원군
0,충북,청원군
0,충북,청원군
1,충북,
0,충북,청원군
0,충북,청원군
0,충북,청원군
0,충북,청원군
1,충북,청원군
1,충북,청원군
0,충북,청원군
1,충북,청원군
0,충북,청원군
0,충북,청원군
0,충북,청원군
0,,청원군
0,충북,영동군
0,충북,영동군
0,충북,영동군
0,충북,영동군
0,충북,영동군
0,,영동군
0,충북,영동군
1,충북,영동군
0,충북,영동군
0,충북,영동군
0,충북,영동군
0,충북,
1,,영동군
0,충북,영동군
0,충북,영동군
1,충북,
0,충북,영동군
0,충북,영동군
0,충북,영동군
0,충북,보은군
0,충북,보은군
0,충북,
2,충북,보은군
2,충북,보은군
2,충북,보은군
0,충북,보은군
0,충북,보은군
1,충북,보은군
0,충북,보은군
0,충북,보은군
0,충북,보은군
0,충북,보은군
2,,보은군
0,충북,보은군
0,충북,보은군
0,충북,보은군
0,충북,옥천군
1,충북,옥천군
0,충북,옥천군
0,충북,옥천군
0,충북,옥천군
2,충북,옥천군
0,충북,옥천군
0,충북,옥천군
1,충북,옥천군
1,충북,옥천군
0,충북,옥천군
0,충북,옥천군
0,충북,옥천군
0,충북,옥천군
0,충북,옥천군
2,충북,옥천군
0,충북,음성군
1,충북,음성군
0,충북,
0,충북,음성군
0,충북,음성군
0,충북,
0,충북,음성군
1,충북,음성군
0,충북,음성군
0,충북,음성군
0,충북,음성군
0,충북,음성군
0,충북,음성군
1,충북,음성군
0,충북,음성군
1,충북,음성군
1,충북,음성군
0,충북,진천군
0,충북,진천군
0,충북,진천군
0,충북,진천군
0,충북,진천군
0,충북,진천군
0,충북,진천군
0,충북,진천군
0,충북,진천군
0,충북,진천군
0,충북,진천군
0,충북,진천군
0,충북,진천군
0,충북,괴산군
0,충북,괴산군
0,충북,괴산군
0,충북,괴산군
0,,괴산군
0,충북,괴산군
0,충북,괴산군
0,충북,괴산군
2,충북,괴산군
0,충북,괴산군
0,충북,괴산군
0,충북,
0,충북,괴산군
0,충북,괴산군
1,충북,괴산군
0,충북,괴산군
0,충북,괴산군
0,,괴산군
0,충북,괴산군
0,충북,괴산군
0,충북,괴산군
0,충북,증평군
0,충북,증평군
0,충북,증평군
0,,증평군
0,충북,증평군
0,충북,증평군
0,충북,증평군
2,충북,증평군
0,충북,증평군
0,충북,증평군
0,충북,증평군
0,충북,증평군
0,충북,증평군
0,충북,증평군
1,충북,증평군
0,충남,천안시 서북구
2,충남,천안시 서북구
0,충남,천안시 서북구
0,충남,천안시 서북구
0,충남,천안시 서북구
0,충남,천안시 서북구
1,충남,천안시 서북구
1,충남,천안시 서북구
0,충남,천안시 서북구
0,충남,천안시 서북구
0,충남,천안시 서북구
0,충남,천안시 서북구
0,충남,천안시 서북구
0,충남,천안시 서북구
0,충남,천안시 서북구
0,충남,
0,충남,천안시 서북구
0,충남,천안시 서북구
1,충남,천안시 서북구
0,충남,
0,,천안시 동남구
0,충남,천안시 동남구
0,충남,천안시 동남구
0,충남,천안시 동남구
0,충남,천안시 동남구
0,충남,천안시 동남구
0,충남,천안시 동남구
0,충남,천안시 동남구
0,충남,천안시 동남구
0,충남,천안시 동남구
0,충남,천안시 동남구
0,,천안시 동남구
0,충남,천안시 동남구
0,충남,천안시 동남구
0,충남,천안시 동남구
0,충남,천안시 동남구
0,충남,공주시
1,충남,공주시
0,충남,공주시
0,충남,공주시
0,충남,공주시
0,충남,공주시
1,,공주시
0,,공주시
1,충남,공주시
1,충남,공주시
0,충남,공주시
0,충남,공주시
0,충남,공주시
0,충남,공주시
0,충남,공주시
0,충남,공주시
0,충남,공주시
1,충남,공주시
0,충남,공주시
0,충남,공주시
0,충남,공주시
1,충남,보령시
0,충남,보령시
0,,보령시
0,충남,보령시
1,충남,보령시
1,,보령시
0,충남,보령시
0,충남,보령시
0,충남,보령시
0,충남,보령시
0,,보령시
0,충남,보령시
1,충남,보령시
0,충남,보령시
0,충남,보령시
2,충남,보령시
0,충남,보령시
0,충남,보령시
0,충남,보령시
1,충남,보령시
0,충남,보령시
0,충남,보령시
0,충남,
0,충남,보령시
1,충남,보령시
0,충남,보령시
1,충남,아산시
0,,아산시
2,충남,아산시
0,충남,아산시
0,충남,아산시
2,,아산시
1,충남,아산시
1,충남,
0,충남,
0,충남,아산시
0,충남,아산시
0,충남,
0,충남,아산시
1,충남,아산시
0,충남,아산시
0,충남,아산시
0,충남,아산시
0,충남,아산시
0,충남,아산시
0,충남,아산시
0,충남,아산시
0,충남,아산시
0,충남,아산시
1,충남,아산시
0,충남,아산시
0,충남,아산시
0,충남,아산시
1,충남,아산시
0,충남,아산시
0,충남,아산시
0,충남,서산시
1,충남,서산시
0,충남,서산시
0,충남,서산시
0,충남,서산시
0,충남,서산시
0,충남,서산시
2,충남,서산시
0,충남,서산시
0,충남,서산시
0,충남,서산시
0,충남,서산시
1,충남,서산시
0,충남,서산시
0,충남,
0,충남,서산시
0,충남,서산시
0,충남,서산시
0,충남,서산시
0,충남,서산시
0,충남,서산시
0,충남,서산시
0,충남,서산시
0,,서산시
0,충남,서산시
1,충남,
0,충남,서산시
1,충남,태안군
0,충남,태안군
0,,태안군
0,충남,태안군
0,충남,태안군
0,충남,태안군
0,,태안군
0,충남,태안군
0,충남,태안군
0,충남,태안군
0,충남,태안군
0,충남,태안군
0,충남,태안군
0,충남,태안군
0,충남,태안군
0,충남,태안군
0,충남,
1,충남,
0,충남,금산군
0,충남,금산군
0,충남,금산군
0,충남,금산군
0,충남,금산군
0,충남,금산군
0,충남,금산군
0,충남,금산군
0,충남,
0,충남,금산군
0,충남,금산군
0,충남,금산군
0,충남,금산군
0,충남,금산군
0,충남,금산군
0,충남,금산군
1,충남,금산군
1,충남,논산시
1,충남,논산시
0,충남,논산시
0,충남,논산시
0,충남,논산시
0,충남,논산시
0,충남,논산시
0,충남,논산시
0,충남,논산시
0,충남,논산시
0,충남,논산시
0,충남,논산시
0,충남,논산시
0,충남,논산시
0,충남,논산시
0,충남,논산시
0,충남,논산시
0,충남,논산시
1,충남,논산시
0,충남,논산시
0,충남,
0,충남,논산시
0,,논산시
0,충남,논산시
2,충남,계룡시
0,충남,계룡시
0,,계룡시
1,충남,계룡시
0,충남,계룡시
1,충남,
0,충남,계룡시
0,충남,계룡시
1,충남,계룡시
0,충남,계룡시
1,충남,계룡시
0,충남,계룡시
0,충남,계룡시
0,,계룡시
0,충남,당진시
1,충남,당진시
2,충남,당진시
0,충남,당진시
0,충남,당진시
0,충남,당진시
0,충남,당진시
0,충남,당진시
1,충남,당진시
0,충남,당진시
0,충남,당진시
0,충남,당진시
0,충남,당진시
0,충남,당진시
0,,당진시
0,충남,당진시
1,충남,당진시
0,충남,
0,충남,당진시
0,충남,당진시
1,충남,부여군
0,충남,부여군
1,,부여군
0,충남,부여군
2,,부여군
0,충남,부여군
0,충남,부여군
0,충남,부여군
0,충남,부여군
0,충남,부여군
1,충남,부여군
2,충남,부여군
0,충남,부여군
0,,부여군
0,충남,부여군
1,충남,부여군
0,충남,부여군
0,충남,서천군
0,충남,서천군
0,충남,서천군
0,충남,서천군
0,충남,서천군
0,충남,서천군
0,충남,서천군
1,충남,서천군
0,충남,서천군
0,충남,서천군
0,충남,서천군
0,충남,서천군
0,,서천군
0,충남,서천군
0,충남,서천군
1,충남,서천군
0,충남,
2,충남,
0,충남,홍성군
2,충남,홍성군
0,충남,
0,충남,홍성군
0,,홍성군
0,충남,
1,충남,홍성군
0,충남,홍성군
0,충남,홍성군
0,충남,
0,충남,
1,충남,홍성군
0,충남,홍성군
1,충남,홍성군
0,충남,청양군
0,충남,청양군
0,,청양군
0,충남,청양군
0,충남,청양군
0,충남,청양군
0,충남,청양군
0,충남,청양군
0,,청양군
0,충남,청양군
0,충남,청양군
0,충남,청양군
1,충남,청양군
0,충남,청양군
0,충남,청양군
0,충남,
0,,청양군
0,충남,청양군
0,충남,청양군
0,충남,예산군
1,충남,예산군
0,충남,예산군
0,충남,예산군
0,충남,예산군
0,충남,예산군
0,충남,예산군
0,충남,예산군
0,충남,예산군
0,충남,예산군
1,충남,예산군
0,충남,예산군
0,충남,예산군
0,충남,예산군
0,충남,예산군
0,,예산군
0,충남,예산군
0,충남,예산군
0,충남,예산군
0,충남,예산군
0,충남,예산군
0,전북,전주시 완산구
0,전북,전주시 완산구
0,전북,
0,전북,전주시 완산구
0,전북,전주시 완산구
0,전북,전주시 완산구
0,전북,전주시 완산구
1,전북,전주시 완산구
0,전북,전주시 완산구
1,전북,전주시 완산구
0,전북,전주시 완산구
0,전북,전주시 완산구
0,전북,전주시 완산구
0,전북,전주시 완산구
0,전북,전주시 완산구
1,전북,전주시 완산구
0,전북,전주시 완산구
0,전북,전주시 완산구
0,전북,전주시 완산구
0,전북,전주시 완산구
1,전북,전주시 완산구
0,전북,전주시 완산구
1,전북,전주시 완산구
0,전북,전주시 완산구
0,전북,
0,전북,전주시 완산구
1,전북,
0,전북,전주시 완산구
2,전북,전주시 완산구
0,전북,전주시 완산구
0,전북,전주시 완산구
0,전북,전주시 완산구
2,전북,전주시 완산구
0,전북,전주시 완산구
2,전북,전주시 완산구
1,전북,전주시 완산구
0,전북,전주시 덕진구
0,전북,전주시 덕진구
0,전북,전주시 덕진구
0,전북,전주시 덕진구
0,전북,전주시 덕진구
0,전북,전주시 덕진구
1,전북,전주시 덕진구
0,전북,전주시 덕진구
0,전북,전주시 덕진구
1,,전주시 덕진구
0,,전주시 덕진구
0,전북,전주시 덕진구
0,전북,전주시 덕진구
0,전북,전주시 덕진구
0,전북,전주시 덕진구
0,전북,전주시 덕진구
0,전북,
0,전북,전주시 덕진구
0,전북,전주시 덕진구
0,전북,전주시 덕진구
0,전북,전주시 덕진구
0,전북,전주시 덕진구
1,전북,전주시 덕진구
0,전북,전주시 덕진구
0,전북,전주시 덕진구
0,전북,전주시 덕진구
0,전북,전주시 덕진구
0,전북,전주시 덕진구
0,전북,전주시 덕진구
0,전북,전주시 덕진구
0,전북,전주시 덕진구
0,전북,전주시 덕진구
0,전북,군산시
0,전북,군산시
0,전북,군산시
0,,군산시
1,전북,군산시
1,전북,군산시
0,,군산시
0,전북,
0,전북,군산시
0,전북,군산시
0,전북,군산시
0,전북,군산시
0,전북,군산시
0,전북,군산시
0,전북,
0,전북,군산시
0,전북,군산시
0,전북,군산시
0,,군산시
0,전북,군산시
0,전북,군산시
2,전북,군산시
0,전북,군산시
0,전북,
0,전북,군산시
0,전북,군산시
0,전북,군산시
0,전북,군산시
0,전북,군산시
0,전북,군산시
0,전북,군산시
0,전북,군산시
0,전북,군산시
0,전북,군산시
0,전북,군산시
0,전북,군산시
1,전북,군산시
0,전북,군산시
0,전북,군산시
0,전북,군산시
0,,군산시
0,전북,군산시
0,전북,군산시
0,전북,익산시
0,전북,익산시
2,전북,익산시
0,전북,익산시
0,전북,익산시
0,전북,익산시
0,전북,
0,전북,익산시
0,전북,익산시
0,전북,익산시
0,전북,익산시
0,전북,익산시
0,전북,익산시
0,전북,익산시
0,전북,익산시
0,,익산시
0,전북,익산시
0,전북,익산시
0,전북,익산시
0,전북,익산시
0,전북,익산시
0,전북,익산시
0,전북,익산시
0,전북,익산시
2,전북,익산시
0,전북,익산시
0,전북,익산시
2,전북,익산시
0,,익산시
0,전북,익산시
1,전북,익산시
0,전북,익산시
0,전북,익산시
0,전북,익산시
0,전북,익산시
0,전북,
0,전북,익산시
0,전북,익산시
0,전북,익산시
1,전북,익산시
0,전북,익산시
0,전북,익산시
0,전북,익산시
0,전북,
0,전북,익산시
0,전북,익산시
0,전북,익산시
0,전북,익산시
0,전북,익산시
0,전북,익산시
0,전북,익산시
0,전북,익산시
1,전북,정읍시
0,전북,
0,전북,정읍시
0,전북,정읍시
0,전북,정읍시
0,전북,정읍시
1,전북,정읍시
0,전북,정읍시
1,전북,정읍시
0,전북,
0,전북,정읍시
0,전북,정읍시
0,전북,정읍시
0,전북,
1,전북,정읍시
0,전북,정읍시
2,전북,정읍시
0,,정읍시
0,전북,정읍시
0,전북,정읍시
0,전북,정읍시
0,전북,정읍시
0,전북,정읍시
1,전북,정읍시
0,전북,정읍시
0,전북,정읍시
0,전북,정읍시
0,전북,정읍시
0,전북,정읍시
1,,
0,전북,정읍시
0,전북,
0,전북,정읍시
0,전북,정읍시
2,,정읍시
0,전북,남원시
0,전북,남원시
0,,남원시
0,전북,남원시
0,전북,남원시
0,,
1,전북,남원시
0,전북,남원시
0,전북,남원시
0,전북,남원시
0,,남원시
0,전북,
0,전북,남원시
0,전북,남원시
0,전북,
0,전북,남원시
1,전북,남원시
1,전북,남원시
1,전북,남원시
0,전북,남원시
0,전북,남원시
0,전북,남원시
0,전북,남원시
0,전북,남원시
0,전북,남원시
0,,남원시
0,전북,남원시
0,전북,김제시
0,전북,김제시
1,전북,김제시
0,전북,김제시
1,전북,
0,전북,김제시
0,전북,김제시
0,전북,김제시
0,전북,김제시
0,전북,김제시
0,전북,김제시
0,전북,김제시
0,전북,김제시
0,전북,김제시
0,전북,김제시
0,전북,김제시
0,전북,김제시
0,전북,김제시
0,전북,
0,전북,김제시
0,전북,김제시
0,전북,김제시
2,전북,김제시
0,전북,김제시
0,전북,김제시
0,전북,
0,전북,김제시
1,전북,김제시
0,전북,김제시
0,전북,김제시
0,전북,김제시
0,전북,김제시
1,,김제시
0,전북,
0,전북,완주군
0,전북,
0,전북,완주군
0,전북,완주군
0,전북,완주군
1,전북,완주군
0,전북,완주군
1,,완주군
0,전북,완주군
0,전북,완주군
0,전북,완주군
0,전북,완주군
0,전북,완주군
0,전북,완주군
0,전북,완주군
0,전북,완주군
0,전북,완주군
0,전북,완주군
2,전북,진안군
1,전북,진안군
0,전북,진안군
0,전북,진안군
2,전북,진안군
0,전북,진안군
0,전북,진안군
0,전북,
0,전북,진안군
0,전북,진안군
0,전북,진안군
1,전북,진안군
1,,
0,전북,진안군
0,전북,진안군
2,전북,진안군
0,전북,진안군
1,전북,무주군
1,전북,무주군
0,전북,무주군
0,전북,무주군
0,전북,무주군
1,전북,무주군
0,전북,무주군
0,,무주군
0,,무주군
1,전북,무주군
0,전북,
0,전북,장수군
0,전북,장수군
1,전북,장수군
0,전북,장수군
0,전북,장수군
0,전북,장수군
0,전북,장수군
0,전북,
0,전북,장수군
0,전북,임실군
0,전북,임실군
0,전북,임실군
0,전북,임실군
0,전북,임실군
0,전북,임실군
0,전북,
0,전북,임실군
0,전북,임실군
1,전북,임실군
1,전북,임실군
0,전북,임실군
0,,임실군
0,전북,임실군
0,전북,임실군
1,전북,순창군
0,,순창군
0,전북,순창군
1,전북,순창군
0,전북,순창군
2,전북,
0,전북,순창군
0,전북,순창군
0,전북,순창군
0,전북,순창군
0,전북,순창군
0,전북,순창군
0,전북,순창군
0,전북,순창군
0,전북,순창군
0,전북,순창군
0,전북,
0,전북,순창군
0,전북,순창군
0,전북,순창군
0,전북,순창군
0,전북,고창군
1,전북,고창군
0,전북,고창군
0,전북,고창군
0,전북,고창군
0,전북,고창군
0,전북,고창군
1,전북,고창군
0,전북,고창군
0,전북,고창군
1,전북,고창군
0,전북,고창군
0,전북,고창군
0,전북,고창군
0,전북,고창군
0,전북,고창군
0,,고창군
0,전북,고창군
0,전북,고창군
0,전북,부안군
0,전북,부안군
1,전북,부안군
0,전북,부안군
0,전북,부안군
0,전북,부안군
0,전북,부안군
0,전북,부안군
2,전북,부안군
0,전북,부안군
1,전북,부안군
0,전북,부안군
0,전북,부안군
1,,부안군
0,전북,부안군
1,,부안군
0,전북,부안군
0,전북,부안군
0,전북,부안군
0,전북,부안군
0,전북,부안군
0,전북,부안군
0,전북,부안군
0,,목포시
2,전남,목포시
0,전남,목포시
0,전남,목포시
0,전남,목포시
0,전남,목포시
1,전남,목포시
0,전남,목포시
1,전남,목포시
2,전남,
0,전남,목포시
0,전남,목포시
0,전남,목포시
0,전남,목포시
1,전남,목포시
0,전남,목포시
0,전남,목포시
0,전남,목포시
0,전남,목포시
0,전남,목포시
1,전남,목포시
0,전남,목포시
0,전남,목포시
0,전남,목포시
0,전남,목포시
0,,목포시
2,,목포시
0,전남,목포시
0,전남,목포시
0,전남,목포시
0,전남,목포시
0,전남,목포시
1,전남,목포시
0,전남,목포시
0,전남,목포시
0,전남,목포시
2,전남,
0,전남,여수시
0,전남,여수시
0,전남,여수시
0,전남,여수시
0,전남,여수시
0,전남,여수시
0,전남,여수시
0,,여수시
0,전남,여수시
1,전남,여수시
0,전남,여수시
2,전남,여수시
0,전남,여수시
0,전남,여수시
0,전남,여수시
0,전남,여수시
0,전남,여수시
0,전남,여수시
0,전남,여수시
0,전남,여수시
0,전남,여수시
0,전남,여수시
0,전남,
0,전남,여수시
0,전남,여수시
0,전남,여수시
0,전남,여수시
0,전남,여수시
0,전남,여수시
0,전남,여수시
1,,여수시
0,전남,여수시
1,전남,
0,전남,여수시
0,전남,여수시
0,전남,여수시
1,전남,여수시
0,전남,여수시
0,전남,여수시
0,전남,순천시
0,전남,순천시
0,전남,순천시
0,전남,순천시
0,전남,순천시
0,전남,순천시
0,전남,순천시
1,전남,순천시
1,전남,순천시
0,전남,순천시
1,전남,순천시
0,전남,순천시
0,전남,순천시
0,전남,순천시
0,전남,순천시
0,전남,순천시
0,전남,순천시
0,,순천시
0,전남,순천시
0,전남,순천시
0,전남,순천시
0,전남,
1,전남,순천시
0,전남,순천시
0,전남,순천시
0,전남,
0,,순천시
0,전남,순천시
0,전남,순천시
0,전남,순천시
0,전남,순천시
0,전남,순천시
0,전남,순천시
0,전남,순천시
2,전남,순천시
2,전남,순천시
0,전남,순천시
0,전남,순천시
0,전남,순천시
1,전남,순천시
0,전남,순천시
0,전남,나주시
0,전남,나주시
0,전남,나주시
0,전남,나주시
0,,나주시
0,전남,나주시
0,전남,나주시
0,전남,나주시
0,전남,나주시
0,전남,나주시
0,전남,나주시
0,전남,나주시
0,전남,나주시
0,전남,나주시
0,전남,나주시
1,전남,나주시
0,전남,나주시
0,전남,나주시
0,전남,
1,전남,
0,전남,나주시
0,전남,나주시
0,전남,나주시
0,전남,나주시
0,전남,
1,전남,나주시
0,전남,광양시
1,전남,광양시
0,전남,광양시
0,전남,광양시
0,전남,광양시
0,전남,광양시
0,전남,광양시
0,전남,광양시
0,전남,광양시
0,전남,광양시
0,전남,광양시
2,전남,광양시
1,전남,광양시
0,전남,광양시
0,전남,광양시
0,전남,광양시
0,전남,광양시
0,전남,광양시
0,전남,광양시
0,,광양시
0,전남,광양시
0,전남,광양시
0,전남,광양시
0,전남,광양시
0,전남,담양군
0,,담양군
0,전남,담양군
1,전남,담양군
0,전남,담양군
0,전남,담양군
0,전남,담양군
0,전남,담양군
0,,담양군
1,전남,담양군
0,전남,담양군
0,전남,담양군
0,,담양군
0,전남,담양군
0,전남,담양군
0,전남,담양군
0,전남,
0,전남,장성군
0,전남,장성군
0,전남,장성군
0,전남,장성군
0,전남,장성군
0,전남,장성군
0,전남,장성군
2,전남,장성군
2,전남,장성군
1,전남,
2,전남,장성군
0,전남,곡성군
0,전남,
1,전남,곡성군
0,전남,곡성군
0,전남,곡성군
1,전남,곡성군
2,전남,곡성군
0,전남,곡성군
0,,
1,전남,곡성군
0,전남,곡성군
0,,곡성군
0,전남,구례군
0,전남,구례군
0,전남,
0,전남,구례군
1,전남,구례군
0,전남,구례군
0,전남,구례군
0,전남,구례군
0,전남,구례군
0,전남,구례군
0,전남,구례군
0,전남,구례군
0,전남,구례군
0,전남,구례군
0,전남,구례군
1,전남,구례군
0,전남,고흥군
0,전남,고흥군
0,전남,고흥군
0,전남,고흥군
0,전남,고흥군
0,전남,고흥군
0,전남,고흥군
0,전남,고흥군
0,전남,고흥군
0,전남,고흥군
0,전남,고흥군
0,전남,고흥군
0,전남,고흥군
0,전남,고흥군
0,전남,고흥군
0,전남,고흥군
1,전남,고흥군
0,전남,고흥군
0,전남,고흥군
0,전남,고흥군
0,전남,고흥군
0,전남,고흥군
0,전남,고흥군
0,전남,고흥군
0,전남,고흥군
0,전남,보성군
0,전남,보성군
0,전남,보성군
0,전남,보성군
0,전남,보성군
0,전남,보성군
0,전남,보성군
0,전남,보성군
0,전남,보성군
0,전남,보성군
0,전남,
0,전남,보성군
2,전남,보성군
0,전남,보성군
0,전남,보성군
2,전남,보성군
0,전남,화순군
0,,화순군
1,전남,화순군
0,전남,화순군
0,,화순군
0,전남,화순군
0,전남,화순군
0,전남,화순군
0,전남,화순군
0,전남,화순군
0,전남,화순군
0,,화순군
0,전남,화순군
0,전남,화순군
0,전남,화순군
2,전남,화순군
0,전남,화순군
0,전남,화순군
2,전남,화순군
1,전남,화순군
0,전남,화순군
0,전남,화순군
0,전남,화순군
0,전남,장흥군
0,전남,장흥군
1,전남,장흥군
0,전남,장흥군
0,전남,장흥군
0,전남,장흥군
0,전남,장흥군
0,전남,장흥군
0,전남,장흥군
0,전남,장흥군
0,전남,장흥군
0,전남,장흥군
1,전남,장흥군
0,전남,장흥군
0,전남,장흥군
0,전남,장흥군
0,전남,장흥군
0,전남,장흥군
0,전남,장흥군
0,전남,강진군
0,전남,강진군
0,전남,강진군
0,전남,강진군
0,,강진군
0,전남,강진군
0,전남,강진군
0,전남,강진군
0,전남,강진군
0,전남,
1,전남,강진군
0,전남,강진군
0,전남,강진군
0,전남,강진군
1,전남,강진군
0,전남,강진군
2,전남,강진군
0,전남,강진군
0,전남,완도군
0,전남,완도군
0,전남,완도군
0,전남,완도군
2,전남,완도군
0,전남,완도군
0,전남,완도군
0,전남,
0,전남,완도군
0,전남,완도군
0,전남,완도군
0,,완도군
0,전남,완도군
2,전남,완도군
0,,완도군
0,전남,완도군
0,전남,완도군
0,전남,완도군
0,전남,완도군
0,전남,완도군
0,전남,완도군
1,,해남군
2,전남,해남군
0,전남,해남군
1,전남,해남군
0,전남,
0,전남,해남군
0,전남,해남군
0,전남,해남군
0,전남,해남군
0,전남,해남군
0,전남,해남군
0,전남,해남군
0,전남,해남군
0,전남,해남군
1,전남,
0,,해남군
2,전남,해남군
1,전남,해남군
0,전남,해남군
0,전남,해남군
2,전남,해남군
2,전남,진도군
0,전남,진도군
0,전남,진도군
0,전남,진도군
0,전남,진도군
0,전남,진도군
0,전남,진도군
0,전남,진도군
2,전남,진도군
0,전남,진도군
0,전남,진도군
1,전남,진도군
2,전남,진도군
0,전남,진도군
0,전남,진도군
0,전남,진도군
0,전남,진도군
0,전남,진도군
0,전남,진도군
2,전남,진도군
2,전남,진도군
0,,진도군
0,전남,진도군
0,전남,영암군
1,전남,영암군
2,전남,영암군
0,전남,영암군
0,전남,영암군
0,전남,영암군
0,전남,영암군
2,전남,영암군
0,전남,영암군
0,전남,영암군
0,전남,영암군
0,전남,무안군
0,전남,무안군
0,전남,무안군
0,전남,무안군
0,전남,
0,전남,무안군
0,전남,무안군
0,전남,무안군
0,전남,무안군
1,전남,무안군
0,전남,무안군
0,전남,무안군
0,전남,무안군
0,전남,무안군
0,전남,무안군
1,전남,무안군
0,전남,무안군
1,전남,무안군
2,전남,무안군
0,전남,무안군
0,전남,영광군
0,전남,영광군
0,전남,영광군
0,전남,영광군
0,전남,영광군
0,전남,영광군
1,전남,영광군
0,전남,영광군
0,전남,영광군
0,전남,영광군
0,전남,영광군
0,전남,영광군
0,전남,영광군
0,,영광군
0,,
0,전남,영광군
0,전남,영광군
0,전남,함평군
2,,함평군
0,전남,함평군
1,전남,함평군
0,전남,함평군
0,전남,함평군
1,전남,함평군
0,전남,함평군
0,전남,함평군
0,전남,함평군
0,전남,함평군
0,전남,신안군
0,전남,신안군
0,전남,신안군
1,전남,신안군
1,전남,신안군
0,,신안군
0,전남,신안군
0,전남,신안군
0,전남,신안군
0,전남,신안군
0,,신안군
1,전남,신안군
0,전남,신안군
0,전남,신안군
0,,신안군
0,전남,신안군
0,전남,신안군
0,전남,신안군
0,전남,신안군
1,전남,신안군
0,전남,신안군
0,전남,신안군
1,,포항시 북구
0,경북,포항시 북구
0,경북,포항시 북구
0,경북,포항시 북구
0,경북,포항시 북구
0,경북,포항시 북구
0,,포항시 북구
0,경북,포항시 북구
2,경북,포항시 북구
0,경북,
2,경북,포항시 북구
0,경북,포항시 북구
0,경북,포항시 북구
0,경북,포항시 북구
0,경북,포항시 북구
2,경북,포항시 북구
0,경북,포항시 북구
0,경북,포항시 북구
0,경북,포항시 북구
0,경북,포항시 북구
0,경북,포항시 북구
0,경북,포항시 북구
2,경북,포항시 북구
2,경북,포항시 북구
0,경북,포항시 북구
0,경북,포항시 북구
0,경북,포항시 남구
0,경북,포항시 남구
0,경북,포항시 남구
0,경북,포항시 남구
0,경북,포항시 남구
1,경북,포항시 남구
1,경북,포항시 남구
1,경북,포항시 남구
0,경북,포항시 남구
0,경북,포항시 남구
1,경북,포항시 남구
1,경북,포항시 남구
0,경북,포항시 남구
0,경북,포항시 남구
2,경북,포항시 남구
2,경북,포항시 남구
1,경북,포항시 남구
2,경북,포항시 남구
0,경북,포항시 남구
0,경북,포항시 남구
0,경북,포항시 남구
0,경북,포항시 남구
1,경북,포항시 남구
0,,포항시 남구
0,경북,포항시 남구
1,경북,포항시 남구
0,경북,포항시 남구
1,경북,포항시 남구
1,경북,포항시 남구
0,경북,포항시 남구
1,경북,울릉군
0,경북,울릉군
0,경북,울릉군
0,경북,울릉군
0,경북,울릉군
0,경북,울릉군
1,경북,울릉군
0,경북,울릉군
0,경북,울릉군
0,경북,경주시
0,경북,경주시
0,경북,경주시
1,경북,경주시
0,경북,경주시
0,경북,경주시
1,,경주시
1,경북,경주시
0,경북,경주시
0,,경주시
2,,경주시
0,경북,경주시
1,경북,경주시
0,경북,경주시
0,경북,경주시
0,경북,경주시
0,경북,경주시
0,경북,경주시
2,경북,경주시
0,경북,경주시
0,경북,경주시
0,경북,경주시
1,경북,경주시
0,경북,경주시
0,경북,경주시
0,,경주시
1,경북,
0,경북,경주시
0,경북,
0,경북,경주시
0,경북,경주시
0,경북,경주시
1,경북,경주시
0,경북,경주시
0,경북,경주시
0,경북,김천시
0,경북,김천시
0,경북,김천시
1,경북,김천시
0,경북,김천시
0,경북,김천시
1,경북,김천시
0,경북,김천시
0,경북,김천시
0,경북,김천시
0,,김천시
0,경북,김천시
0,경북,김천시
0,경북,김천시
0,경북,김천시
1,경북,김천시
1,경북,
1,경북,김천시
1,경북,김천시
1,경북,김천시
1,경북,김천시
0,경북,김천시
2,경북,김천시
2,,김천시
0,경북,안동시
0,경북,안동시
0,경북,안동시
0,경북,안동시
0,경북,안동시
0,경북,안동시
1,경북,안동시
0,경북,안동시
0,경북,
2,경북,안동시
0,경북,안동시
0,경북,안동시
0,경북,안동시
1,경북,안동시
1,경북,안동시
1,경북,안동시
0,,안동시
0,경북,안동시
1,경북,안동시
0,경북,
0,경북,안동시
0,경북,안동시
0,경북,안동시
0,경북,안동시
0,경북,안동시
0,경북,안동시
0,,안동시
0,경북,안동시
0,경북,안동시
0,경북,안동시
0,,안동시
0,경북,구미시
0,경북,구미시
0,경북,구미시
0,경북,구미시
0,경북,구미시
0,경북,구미시
0,경북,구미시
0,경북,
0,경북,구미시
0,경북,구미시
1,경북,구미시
0,경북,구미시
1,경북,구미시
1,경북,구미시
0,경북,구미시
1,경북,구미시
0,경북,구미시
0,경북,구미시
0,경북,구미시
0,경북,구미시
0,경북,구미시
0,경북,구미시
0,경북,구미시
0,경북,구미시
0,경북,구미시
0,경북,구미시
0,경북,구미시
0,경북,구미시
0,경북,구미시
0,,구미시
0,경북,구미시
0,경북,구미시
0,경북,구미시
0,경북,구미시
0,경북,구미시
0,경북,구미시
1,경북,구미시
1,,구미시
0,경북,구미시
0,경북,구미시
0,경북,구미시
1,경북,구미시
0,경북,구미시
0,경북,구미시
1,경북,구미시
1,경북,영주시
1,경북,영주시
0,경북,영주시
0,,영주시
0,경북,영주시
1,경북,영주시
1,경북,영주시
2,경북,영주시
0,경북,영주시
0,경북,영주시
0,경북,영주시
2,경북,영주시
0,경북,영주시
0,경북,영주시
0,경북,영주시
0,경북,영주시
0,경북,영주시
1,경북,영주시
0,경북,영주시
0,경북,영주시
0,,영주시
0,경북,영주시
1,경북,영천시
0,경북,영천시
0,경북,영천시
0,경북,영천시
0,경북,영천시
0,경북,영천시
2,경북,
1,경북,영천시
0,경북,
0,경북,영천시
0,경북,영천시
0,경북,영천시
0,경북,영천시
0,경북,영천시
0,,영천시
0,경북,영천시
1,경북,영천시
0,경북,상주시
0,경북,상주시
0,경북,상주시
0,경북,상주시
0,경북,상주시
0,,상주시
0,경북,상주시
0,경북,상주시
0,경북,상주시
0,경북,상주시
0,경북,상주시
1,경북,상주시
0,,상주시
0,경북,상주시
0,,상주시
0,경북,상주시
0,경북,상주시
0,경북,
0,경북,상주시
0,경북,상주시
2,경북,
0,경북,상주시
1,경북,상주시
0,경북,문경시
0,경북,문경시
0,경북,문경시
0,경북,문경시
1,경북,
1,경북,문경시
1,경북,
0,경북,문경시
1,경북,문경시
2,경북,
0,경북,문경시
0,경북,문경시
0,경북,문경시
0,경북,문경시
0,경북,문경시
0,경북,문경시
0,경북,문경시
0,경북,문경시
0,경북,문경시
0,경북,문경시
0,경북,문경시
1,경북,문경시
0,경북,문경시
1,경북,
0,경북,예천군
0,경북,예천군
0,경북,예천군
0,경북,예천군
1,경북,예천군
0,경북,예천군
0,경북,예천군
1,,
0,경북,예천군
2,경북,예천군
0,경북,경산시
0,경북,경산시
0,,경산시
2,경북,경산시
2,경북,경산시
0,경북,경산시
0,경북,경산시
1,경북,경산시
1,경북,경산시
0,경북,경산시
1,경북,경산시
0,경북,경산시
0,경북,경산시
1,경북,경산시
0,경북,경산시
0,경북,경산시
0,,경산시
0,경북,경산시
0,경북,경산시
2,경북,경산시
0,경북,경산시
0,경북,경산시
2,,경산시
0,경북,경산시
0,경북,경산시
0,경북,
0,경북,청도군
0,경북,청도군
0,경북,청도군
0,경북,청도군
0,경북,청도군
0,,청도군
0,경북,청도군
0,경북,청도군
1,경북,고령군
0,경북,고령군
0,경북,고령군
0,경북,고령군
0,경북,고령군
0,경북,고령군
1,경북,고령군
0,경북,고령군
0,,고령군
0,경북,고령군
0,경북,고령군
1,경북,고령군
0,경북,성주군
1,경북,성주군
0,경북,성주군
1,경북,성주군
0,경북,성주군
2,경북,성주군
0,경북,성주군
0,경북,성주군
0,경북,성주군
0,경북,성주군
0,경북,성주군
0,경북,성주군
0,경북,성주군
0,경북,성주군
0,경북,칠곡군
0,경북,칠곡군
1,경북,칠곡군
0,경북,칠곡군
0,경북,칠곡군
2,경북,칠곡군
1,경북,칠곡군
0,경북,칠곡군
0,,칠곡군
0,경북,칠곡군
0,경북,칠곡군
1,경북,칠곡군
0,경북,칠곡군
1,경북,칠곡군
1,경북,칠곡군
0,경북,칠곡군
0,경북,칠곡군
0,경북,군위군
0,경북,군위군
0,경북,군위군
2,경북,군위군
1,경북,군위군
0,경북,군위군
0,경북,군위군
0,경북,군위군
0,경북,의성군
0,경북,의성군
0,경북,의성군
0,경북,의성군
0,경북,의성군
0,경북,의성군
0,경북,의성군
0,경북,의성군
0,경북,의성군
0,경북,의성군
0,경북,의성군
0,경북,의성군
0,경북,의성군
0,경북,의성군
0,경북,의성군
0,경북,의성군
0,경북,의성군
0,경북,의성군
0,경북,
0,경북,의성군
0,경북,의성군
0,경북,청송군
1,경북,청송군
0,경북,청송군
2,경북,청송군
0,경북,청송군
0,경북,청송군
0,경북,청송군
1,경북,청송군
0,경북,청송군
0,경북,
2,경북,청송군
0,경북,청송군
0,경북,청송군
0,경북,영양군
0,경북,영양군
0,경북,영양군
0,경북,영양군
0,경북,영양군
0,경북,영양군
0,경북,영양군
1,경북,영양군
0,경북,영양군
0,,영양군
0,경북,영양군
0,경북,영양군
0,경북,영양군
0,경북,영양군
0,경북,영덕군
1,경북,영덕군
0,경북,영덕군
0,경북,
0,경북,영덕군
2,경북,영덕군
0,경북,영덕군
0,,영덕군
0,경북,영덕군
0,경북,영덕군
0,경북,영덕군
0,경북,봉화군
0,경북,봉화군
0,경북,봉화군
0,경북,봉화군
0,경북,봉화군
0,경북,봉화군
0,경북,봉화군
0,경북,봉화군
0,경북,봉화군
0,경북,봉화군
0,경북,봉화군
0,,봉화군
0,경북,봉화군
0,경북,봉화군
0,경북,봉화군
0,경북,봉화군
1,,봉화군
0,경북,봉화군
2,경북,봉화군
0,경북,울진군
0,경북,울진군
0,경북,울진군
0,,울진군
0,경북,울진군
1,경북,울진군
0,경북,울진군
0,경북,울진군
1,경북,울진군
0,경북,울진군
0,경북,울진군
0,경북,울진군
0,경북,울진군
0,경북,울진군
0,경북,울진군
0,경북,울진군
0,경북,울진군
0,경북,울진군
0,,울진군
0,경북,울진군
0,경북,울진군
0,경북,울진군
0,경북,울진군
0,경북,울진군
0,,울진군
1,경북,울진군
0,경남,창원시 의창구
0,경남,창원시 의창구
0,경남,창원시 의창구
0,경남,창원시 의창구
0,경남,창원시 의창구
0,경남,창원시 의창구
0,경남,창원시 의창구
0,경남,창원시 의창구
0,경남,
0,경남,창원시 의창구
0,,창원시 의창구
0,경남,창원시 의창구
0,경남,창원시 의창구
1,경남,창원시 의창구
0,경남,창원시 의창구
0,경남,창원시 의창구
0,경남,창원시 의창구
1,,창원시 성산구
0,경남,창원시 성산구
0,경남,창원시 성산구
0,경남,창원시 성산구
0,경남,창원시 성산구
0,경남,창원시 성산구
0,경남,창원시 성산구
0,경남,창원시 성산구
0,경남,창원시 성산구
0,경남,창원시 성산구
0,경남,창원시 성산구
0,경남,창원시 성산구
0,,창원시 성산구
0,경남,창원시 성산구
0,경남,창원시 성산구
1,경남,창원시 마산합포구
1,경남,창원시 마산합포구
0,경남,창원시 마산합포구
0,경남,창원시 마산합포구
0,경남,창원시 마산합포구
0,경남,창원시 마산합포구
2,경남,창원시 마산합포구
1,경남,창원시 마산합포구
0,경남,창원시 마산합포구
0,경남,창원시 마산합포구
0,경남,창원시 마산합포구
0,경남,창원시 마산합포구
0,경남,창원시 마산합포구
0,경남,창원시 마산합포구
0,경남,
0,경남,창원시 마산합포구
2,경남,창원시 마산합포구
0,경남,창원시 마산합포구
0,경남,창원시 마산합포구
0,경남,창원시 마산합포구
0,경남,창원시 마산합포구
0,경남,창원시 마산합포구
0,경남,창원시 마산합포구
0,경남,창원시 마산회원구
0,,창원시 마산회원구
0,경남,창원시 마산회원구
0,경남,
0,경남,창원시 마산회원구
0,경남,창원시 마산회원구
0,경남,
1,경남,창원시 마산회원구
0,경남,창원시 마산회원구
0,,창원시 마산회원구
0,경남,창원시 마산회원구
1,경남,창원시 진해구
0,경남,창원시 진해구
0,경남,창원시 진해구
0,경남,창원시 진해구
0,경남,창원시 진해구
0,경남,창원시 진해구
0,경남,창원시 진해구
0,경남,창원시 진해구
0,경남,창원시 진해구
0,경남,
0,경남,창원시 진해구
0,경남,창원시 진해구
1,경남,창원시 진해구
0,,창원시 진해구
0,경남,창원시 진해구
1,경남,창원시 진해구
2,경남,진주시
0,,진주시
0,경남,진주시
0,경남,진주시
0,경남,진주시
0,경남,진주시
0,경남,진주시
0,경남,
0,경남,진주시
0,경남,진주시
0,경남,진주시
0,경남,진주시
0,경남,진주시
0,경남,진주시
0,경남,진주시
1,경남,진주시
0,경남,진주시
0,경남,진주시
0,경남,진주시
1,경남,진주시
0,경남,진주시
0,경남,
1,경남,진주시
0,경남,진주시
0,,진주시
0,경남,진주시
0,경남,진주시
0,경남,진주시
0,경남,진주시
0,경남,진주시
0,경남,진주시
0,경남,진주시
0,경남,진주시
0,경남,진주시
0,경남,진주시
0,경남,진주시
0,경남,진주시
0,경남,진주시
1,,진주시
1,경남,진주시
0,경남,통영시
0,경남,통영시
0,경남,통영시
0,경남,통영시
0,경남,통영시
0,경남,통영시
0,경남,통영시
0,경남,통영시
0,경남,통영시
0,경남,통영시
0,경남,통영시
0,,통영시
0,경남,통영시
0,경남,통영시
0,경남,통영시
2,,통영시
0,경남,통영시
0,경남,통영시
0,경남,통영시
0,경남,고성군
1,경남,고성군
0,경남,고성군
0,경남,고성군
0,경남,고성군
0,경남,고성군
2,경남,
0,경남,고성군
0,경남,고성군
0,경남,고성군
0,경남,고성군
0,경남,고성군
0,경남,고성군
0,경남,고성군
0,경남,고성군
0,경남,고성군
0,경남,고성군
1,경남,고성군
0,경남,사천시
0,경남,사천시
0,경남,사천시
0,경남,사천시
0,경남,사천시
0,경남,사천시
0,경남,사천시
1,경남,사천시
0,경남,사천시
0,경남,사천시
0,경남,사천시
0,경남,사천시
0,경남,사천시
0,경남,사천시
2,경남,사천시
0,경남,사천시
0,경남,사천시
0,경남,사천시
0,경남,사천시
0,,사천시
2,경남,사천시
0,경남,사천시
0,경남,사천시
0,경남,사천시
0,경남,
0,경남,김해시
0,경남,김해시
0,,김해시
0,경남,김해시
0,경남,김해시
0,경남,김해시
0,,김해시
0,경남,김해시
0,경남,김해시
0,경남,김해시
0,경남,김해시
0,경남,김해시
0,경남,김해시
0,경남,김해시
0,경남,김해시
0,경남,김해시
0,경남,김해시
0,경남,김해시
0,경남,김해시
0,경남,김해시
0,,김해시
0,경남,김해시
0,경남,김해시
2,경남,김해시
0,경남,김해시
0,경남,김해시
0,경남,김해시
0,경남,김해시
1,경남,김해시
2,경남,
2,경남,김해시
0,경남,김해시
0,경남,김해시
0,경남,김해시
0,경남,김해시
0,경남,
1,경남,김해시
0,경남,김해시
0,경남,김해시
0,경남,밀양시
0,,밀양시
0,경남,밀양시
0,경남,
0,경남,밀양시
0,경남,밀양시
0,경남,밀양시
0,경남,밀양시
0,경남,밀양시
0,경남,
0,경남,밀양시
0,경남,밀양시
0,경남,밀양시
0,경남,밀양시
0,경남,밀양시
0,경남,밀양시
0,경남,밀양시
0,경남,밀양시
0,경남,밀양시
0,경남,밀양시
0,경남,밀양시
0,경남,
0,경남,거제시
1,,
0,경남,거제시
1,경남,거제시
0,경남,거제시
1,경남,거제시
0,경남,거제시
0,경남,거제시
0,경남,거제시
0,경남,거제시
2,경남,거제시
0,경남,거제시
0,,
0,경남,거제시
0,경남,거제시
1,,거제시
0,경남,거제시
0,경남,거제시
0,경남,거제시
0,경남,거제시
0,경남,거제시
0,경남,거제시
0,경남,
0,경남,거제시
0,경남,거제시
0,경남,거제시
0,경남,거제시
0,경남,거제시
0,경남,의령군
0,경남,의령군
0,경남,의령군
0,경남,의령군
0,경남,의령군
0,경남,의령군
0,,의령군
0,경남,의령군
0,경남,
0,경남,의령군
0,경남,의령군
0,경남,의령군
2,,의령군
0,경남,의령군
0,,함안군
0,경남,함안군
0,경남,함안군
0,경남,함안군
1,경남,함안군
0,경남,함안군
0,경남,함안군
0,경남,함안군
0,경남,함안군
0,경남,함안군
2,경남,함안군
0,경남,함안군
2,경남,함안군
0,경남,함안군
1,경남,함안군
0,경남,함안군
0,경남,함안군
0,경남,함안군
0,경남,함안군
0,경남,함안군
2,경남,창녕군
0,경남,창녕군
0,경남,창녕군
0,경남,창녕군
1,경남,창녕군
1,경남,창녕군
0,경남,창녕군
0,경남,창녕군
0,경남,창녕군
2,경남,창녕군
1,경남,창녕군
0,경남,양산시
0,경남,양산시
0,경남,양산시
0,경남,양산시
1,경남,양산시
0,경남,양산시
0,경남,양산시
0,경남,
0,경남,
0,경남,양산시
1,경남,양산시
2,경남,양산시
0,경남,양산시
0,,양산시
1,경남,양산시
0,경남,양산시
1,,양산시
1,경남,양산시
1,경남,양산시
0,경남,양산시
2,경남,양산시
0,경남,양산시
2,경남,양산시
0,경남,양산시
0,,양산시
0,경남,양산시
0,경남,양산시
1,,양산시
1,경남,양산시
0,,양산시
0,,
0,경남,하동군
0,경남,하동군
0,경남,하동군
0,경남,하동군
0,경남,하동군
0,경남,하동군
0,경남,하동군
0,경남,하동군
0,경남,하동군
1,경남,하동군
0,경남,하동군
0,경남,하동군
0,경남,하동군
2,경남,하동군
0,경남,하동군
0,경남,하동군
0,경남,하동군
0,경남,남해군
0,경남,
0,경남,남해군
0,경남,남해군
0,경남,
2,경남,남해군
0,경남,남해군
1,경남,남해군
0,경남,남해군
0,경남,남해군
0,경남,남해군
0,경남,남해군
0,경남,남해군
0,경남,남해군
0,경남,남해군
0,경남,남해군
1,경남,남해군
0,경남,함양군
2,경남,함양군
0,경남,함양군
0,경남,함양군
0,경남,
0,경남,함양군
0,경남,함양군
0,경남,
0,경남,함양군
1,경남,함양군
0,경남,함양군
0,경남,함양군
0,경남,함양군
0,경남,함양군
0,경남,함양군
0,경남,산청군
0,,산청군
1,경남,산청군
0,경남,산청군
0,경남,산청군
0,경남,산청군
1,경남,산청군
0,경남,산청군
1,경남,산청군
0,경남,거창군
0,경남,거창군
2,경남,거창군
0,경남,거창군
0,경남,거창군
0,경남,거창군
0,경남,거창군
0,경남,거창군
0,경남,거창군
0,경남,거창군
0,경남,거창군
0,경남,거창군
0,경남,거창군
0,경남,거창군
1,경남,
0,경남,거창군
1,경남,거창군
1,경남,거창군
1,경남,거창군
0,경남,합천군
1,,합천군
0,,합천군
1,경남,합천군
0,경남,합천군
0,경남,합천군
0,경남,합천군
1,경남,합천군
0,경남,합천군
0,경남,합천군
0,경남,합천군
2,경남,합천군
0,경남,합천군
0,경남,합천군
0,경남,합천군
0,경남,합천군
0,경남,합천군
0,경남,
0,경남,합천군
0,경남,합천군
0,경남,
0,서울,종로구
0,서울,
0,서울,종로구
0,서울,종로구
0,서울,종로구
0,서울,종로구
0,서울,종로구
0,서울,종로구
0,서울,종로구
1,서울,종로구
0,서울,종로구
2,서울,종로구
0,,
1,서울,종로구
0,서울,종로구
0,서울,종로구
0,서울,종로구
0,서울,종로구
1,서울,
0,서울,종로구
0,서울,종로구
0,서울,중구
0,서울,중구
0,서울,중구
0,서울,중구
2,서울,
0,서울,중구
0,서울,중구
0,서울,중구
1,서울,중구
0,서울,중구
2,서울,중구
0,서울,중구
0,서울,중구
0,서울,중구
0,서울,중구
2,서울,중구
0,서울,중구
0,서울,중구
0,서울,중구
0,서울,중구
0,서울,중구
0,서울,용산구
0,,용산구
0,서울,용산구
1,서울,용산구
0,서울,용산구
0,서울,용산구
0,서울,용산구
2,서울,용산구
0,서울,용산구
0,서울,용산구
1,서울,
0,서울,용산구
0,서울,용산구
0,서울,용산구
0,서울,용산구
0,서울,용산구
0,서울,용산구
0,서울,용산구
0,서울,
1,서울,용산구
0,서울,용산구
2,서울,
0,,용산구
1,서울,용산구
0,서울,용산구
0,서울,용산구
0,서울,용산구
1,서울,용산구
0,서울,용산구
2,서울,용산구
1,서울,성동구
0,서울,성동구
0,서울,성동구
0,서울,성동구
2,서울,성동구
0,서울,성동구
0,서울,성동구
0,서울,성동구
0,서울,성동구
0,서울,성동구
0,서울,성동구
0,서울,성동구
0,서울,성동구
0,서울,성동구
0,서울,
0,서울,성동구
0,서울,성동구
0,서울,성동구
0,서울,성동구
0,서울,성동구
2,서울,성동구
0,서울,성동구
0,서울,성동구
0,서울,성동구
0,서울,성동구
0,서울,
1,서울,성동구
0,서울,성동구
0,서울,성동구
0,서울,광진구
0,서울,광진구
0,서울,광진구
1,서울,
1,서울,광진구
0,서울,광진구
0,서울,광진구
0,서울,광진구
0,서울,광진구
0,서울,광진구
0,서울,광진구
0,서울,광진구
0,서울,광진구
0,서울,광진구
2,서울,광진구
0,서울,광진구
0,,광진구
0,서울,광진구
0,서울,광진구
0,서울,동대문구
1,서울,동대문구
0,서울,동대문구
0,서울,동대문구
2,서울,동대문구
0,서울,동대문구
0,서울,동대문구
0,서울,동대문구
1,서울,동대문구
0,서울,
0,서울,동대문구
2,서울,동대문구
1,서울,동대문구
0,서울,동대문구
0,서울,동대문구
0,서울,동대문구
0,서울,동대문구
0,서울,동대문구
0,서울,동대문구
0,서울,동대문구
0,서울,동대문구
0,서울,동대문구
0,서울,동대문구
0,서울,동대문구
0,서울,동대문구
0,서울,동대문구
0,서울,동대문구
0,서울,동대문구
0,서울,동대문구
0,서울,동대문구
0,서울,동대문구
0,서울,동대문구
1,서울,동대문구
1,서울,동대문구
0,,동대문구
0,서울,중랑구
0,서울,중랑구
0,서울,
1,서울,중랑구
0,서울,중랑구
0,서울,중랑구
0,서울,중랑구
0,서울,중랑구
0,서울,중랑구
1,서울,중랑구
0,서울,중랑구
0,서울,중랑구
0,서울,중랑구
0,서울,중랑구
0,서울,중랑구
2,서울,중랑구
1,서울,중랑구
0,서울,중랑구
0,서울,중랑구
0,서울,중랑구
0,서울,중랑구
0,서울,중랑구
2,서울,중랑구
0,,중랑구
2,서울,중랑구
0,서울,중랑구
0,,중랑구
0,서울,중랑구
0,서울,중랑구
0,서울,중랑구
0,서울,중랑구
0,서울,중랑구
0,서울,중랑구
0,서울,중랑구
0,서울,성북구
0,서울,성북구
0,서울,성북구
0,서울,성북구
0,서울,성북구
0,서울,성북구
0,서울,성북구
0,서울,성북구
0,,성북구
0,서울,성북구
1,서울,성북구
0,서울,성북구
0,서울,성북구
1,서울,성북구
0,서울,
0,서울,성북구
0,서울,성북구
1,서울,
2,,성북구
0,서울,성북구
0,서울,성북구
0,서울,
2,서울,성북구
0,서울,성북구
0,서울,성북구
0,서울,성북구
0,서울,성북구
1,서울,성북구
0,서울,성북구
0,서울,성북구
0,서울,성북구
0,서울,성북구
0,서울,
0,서울,성북구
0,서울,성북구
1,서울,성북구
0,서울,성북구
2,서울,성북구
0,서울,
0,서울,성북구
0,서울,성북구
1,서울,성북구
0,서울,성북구
1,,강북구
0,서울,강북구
0,서울,강북구
0,서울,강북구
1,,강북구
0,서울,강북구
0,서울,강북구
0,서울,강북구
0,서울,강북구
1,서울,강북구
0,서울,강북구
0,서울,강북구
1,서울,강북구
0,서울,강북구
0,서울,강북구
0,서울,강북구
0,서울,강북구
1,서울,강북구
0,서울,강북구
1,서울,강북구
0,서울,강북구
0,서울,강북구
0,서울,
0,서울,강북구
0,서울,강북구
2,서울,강북구
0,서울,강북구
0,서울,강북구
2,서울,강북구
0,서울,강북구
1,서울,강북구
0,서울,도봉구
2,서울,도봉구
1,서울,도봉구
0,서울,도봉구
0,서울,도봉구
2,,도봉구
0,서울,도봉구
0,서울,도봉구
0,서울,도봉구
2,서울,도봉구
0,서울,도봉구
1,서울,도봉구
0,,도봉구
0,서울,도봉구
1,서울,도봉구
0,서울,도봉구
0,서울,도봉구
1,서울,도봉구
0,서울,도봉구
0,서울,도봉구
1,서울,도봉구
1,서울,도봉구
0,서울,도봉구
1,서울,도봉구
0,서울,도봉구
2,서울,도봉구
0,서울,도봉구
1,서울,도봉구
0,서울,도봉구
0,,도봉구
0,서울,노원구
0,서울,노원구
0,서울,노원구
1,서울,노원구
0,서울,노원구
0,서울,노원구
0,서울,노원구
0,서울,노원구
0,서울,노원구
0,서울,노원구
0,,노원구
1,서울,노원구
0,서울,노원구
0,서울,노원구
1,서울,노원구
0,서울,노원구
0,서울,노원구
1,서울,노원구
0,서울,노원구
0,서울,노원구
0,서울,
1,서울,노원구
0,서울,노원구
2,,
2,,
2,,
2,,
2,,
2,,
2,,
2,,
2,,
2,,
2,,
2,,
2,,
2,,
2,,
2,,
2,,
2,,
2,,
2,,
2,,
2,,
2,,
2,,
2,,
2,,
2,,
2,,
2,,
2,,
2,,
2,,
2,,
2,,
2,,
2,,
2,,
2,,
2,,
2,,
2,,
2,,
2,,
2,,
2,,
2,,
2,,
2,,
2,,
2,,
2,,
2,,
2,,
2,,
2,,
2,,
2,,
2,,
2,,
2,,
2,,
2,,
2,,
2,,
2,,
2,,
2,,
2,,
2,,
2,,
2,,
2,,
2,,
2,,
2,,
2,,
2,,
2,,
2,,
2,,
2,,
2,,
2,,
2,,
2,,
2,,
2,,
2,,
2,,
2,,
2,,
2,,
2,,
2,,
2,,
2,,
2,,
2,,
2,,
2,,
2,,
2,,
2,,
2,,
2,,
2,,
2,,
2,,
2,,
2,,
2,,
2,,
2,,
2,,
2,,
2,,
2,,
2,,
2,,
2,,
2,,
2,,
2,,
2,,
2,,
2,,
2,,
2,,
2,,
2,,
2,,
2,,
2,,
2,,
2,,
2,,
2,,
2,,
2,,
2,,
2,,
2,,
2,,
2,,
2,,
2,,
2,,
2,,
2,,
2,,
2,,
2,,
2,,
2,,
2,,
2,,
2,,
2,,
2,,
2,,
2,,
2,,
2,,
2,,
2,,
2,,
2,,
2,,
2,,
2,,
2,,
2,,
2,,
2,,
2,,
2,,
2,,
2,,
2,,
2,,
2,,
2,,
2,,
2,,
2,,
2,,
2,,
2,,
2,,
2,,
2,,
2,,
2,,
2,,
2,,
2,,
2,,
2,,
2,,
2,,
2,,
2,,
2,,
2,,
2,,
2,,
2,,
2,,
2,,
2,,
2,,
2,,
2,,
2,,
2,,
2,,
2,,
2,,
2,,
2,,
2,,
2,,
2,,
2,,
2,,
2,,
2,,
2,,
2,,
2,,
2,,
2,,
2,,
2,,
2,,
2,,
2,,
2,,
2,,
2,,
2,,
2,,
2,,
2,,
2,,
2,,
2,,
2,,
2,,
2,,
2,,
2,,
2,,
2,,
2,,
2,,
2,,
2,,
2,,
2,,
2,,
2,,
2,,
2,,
2,,
2,,
2,,
2,,
2,,
2,,
2,,
2,,
2,,
2,,
2,,
2,,
2,,
2,,
2,,
2,,
2,,
2,,
2,,
2,,
2,,
2,,
2,,
2,,
2,,
2,,
2,,
2,,
2,,
2,,
2,,
2,,
2,,
2,,
2,,
2,,
2,,
2,,
2,,
2,,
2,,
2,,
2,,
2,,
2,,
2,,
2,,
2,,
2,,
2,,
2,,
2,,
2,,
2,,
2,,
2,,
2,,
2,,
2,,
2,,
2,,
2,,
2,,
2,,
2,,
2,,
2,,
2,,
2,,
2,,
2,,
2,,
2,,
2,,
2,,
2,,
2,,
2,,
2,,
2,,
2,,
2,,
2,,
2,,
2,,
2,,
2,,
2,,
2,,
2,,
2,,
2,,
2,,
2,,
2,,
2,,
2,,
2,,
2,,
2,,
2,,
2,,
2,,
2,,
2,,
2,,
2,,
2,,
2,,
2,,
2,,
2,,
2,,
2,,
2,,
2,,
2,,
2,,
2,,
2,,
2,,
2,,
2,,
2,,
2,,
2,,
2,,
2,,
2,,
2,,
2,,
2,,
2,,
2,,
2,,
2,,
2,,
2,,
2,,
2,,
2,,
2,,
2,,
2,,
2,,
2,,
2,,
2,,
2,,
2,,
2,,
2,,
2,,
2,,
2,,
2,,
2,,
2,,
2,,
2,,
2,,
2,,
2,,
2,,
2,,
2,,
2,,
2,,
2,,
2,,
2,,
2,,
2,,
2,,
2,,
2,,
2,,
2,,
2,,
2,,
2,,
2,,
2,,
2,,
2,,
2,,
2,,
2,,
2,,
2,,
2,,
2,,
2,,
2,,
2,,
2,,
2,,
2,,
2,,
2,,
2,,
2,,
2,,
2,,
2,,
2,,
2,,
2,,
2,,
2,,
2,,
2,,
2,,
2,,
2,,
2,,
2,,
2,,
2,,
2,,
2,,
2,,
2,,
2,,
2,,
2,,
2,,
2,,
2,,
2,,
2,,
2,,
2,,
2,,
2,,
2,,
2,,
2,,
2,,
2,,
2,,
2,,
2,,
2,,
2,,
2,,
2,,
2,,
2,,
2,,
2,,
2,,
2,,
2,,
2,,
2,,
2,,
2,,
2,,
2,,
2,,
2,,
2,,
2,,
2,,
2,,
2,,
2,,
2,,
2,,
2,,
2,,
2,,
2,,
2,,
2,,
2,,
2,,
2,,
2,,
2,,
2,,
2,,
0,강원,강릉시
0,경남,창녕군
0,서울,동작구
0,전북,남원시
0,경남,함양군
0,전남,목포시
0,경북,성주군
0,부산,서구
0,충북,단양군
0,전남,영광군
